Food Resource Type,Agency,Location,Operational Status,Who They Serve,Address,Latitude,Longitude,Phone Number,Website,Days/Hours,Date Updated,bank_id
food bank,Algona/Pacific Food Pantry,Algona/Pacific Food Pantry - Food Distribution Center,open,General Public,"603 3Rd Ave Se, Pacific, Wa 98047",47.265011,-122.236771,(253)-351-0450,https://networks.whyhunger.org/organisation/41599,Tuesday,7/22/2025,foodbank0
food bank & meal,Asian Counseling and Referral Service (ACRS),ACRS Food Bank and Meals,open,General Public,"800 S Weller St, Seattle, Wa 98004",47.5843633,-122.3303783,(206)-695-7510,https://acrs.org/services/aging-services-for-older-adults/acrs-food-bank/,"Wednesday, Friday",8/7/2025,foodbank1
meal,Asian Counseling and Referral Service (ACRS),Club Bamboo and Hmong Senior Club,open,Older Adults 60+ and Eligible Participants,"3639 Martin Luther King Jr Way S, Seattle, Wa 98144",47.570897,-122.2973881,(206)-695-7510,https://www.acrs.org/services/aging-services-for-older-adults/senior-lunch-programs/,"Monday, Tuesday, Wednesday, Thursday, Friday",8/7/2025,foodbank2
meal,Asian Counseling and Referral Service (ACRS),Duoc Su Senior Nutrition Program,open,Older Adults 60+ and Eligible Participants,"6924 42Nd Ave S , Seattle, Wa 98118",47.5400001,-122.2803173,(206)-695-7510,https://www.acrs.org/services/aging-services-for-older-adults/senior-lunch-programs/,Saturday,7/21/2025,foodbank3
meal,Asian Counseling and Referral Service (ACRS),Friendly Island of Tonga Seniors,open,Older Adults 60+ and Eligible Participants,"4620 Sw Graham St, Seattle, Wa 98136",47.546979,-122.3922666,(206)-695-7510,https://www.acrs.org/services/aging-services-for-older-adults/senior-lunch-programs/,Unknown,7/22/2025,foodbank4
meal,Asian Counseling and Referral Service (ACRS),Kent Memorial Park (Nepali and Samoan Meal Program),open,Older Adults 60+ and Eligible Participants,"850 Central Ave N, Kent, Wa 98032",47.3901637,-122.2304706,(253)-856-5000,https://www.kentwa.gov/Home/Components/FacilityDirectory/FacilityDirectory/250/318,Unknown,7/22/2025,foodbank5
meal,Asian Counseling and Referral Service (ACRS),Korean Senior Club Miller Community Center,open,Older Adults 60+ and Eligible Participants,"330 19Th Ave E, Seattle, Wa, 98122",47.6219158,-122.3069784,(206)-695-7510,https://www.acrs.org/services/aging-services-for-older-adults/senior-lunch-programs/,"Tuesday, Friday",8/7/2025,foodbank6
meal,Asian Counseling and Referral Service (ACRS),Fillipino American Community of Puget Sound,open,Older Adults 60+ and Eligible Participants,"103 6Th Ave N, Algona, Wa 98001",47.2859364,-122.2572262,(206)-695-7510,https://www.acrs.org/services/aging-services-for-older-adults/senior-lunch-programs/,Thursday,7/21/2025,foodbank7
meal,Asian Counseling and Referral Service (ACRS),Nepali Wellness,open,Older Adults 60+ and Eligible Participants,"25720 104Th Ave Se, Kent, Wa 98030",47.3711201,-122.2006484,(206)-695-7510,https://www.acrs.org/services/aging-services-for-older-adults/senior-lunch-programs/,Tuesday,7/21/2025,foodbank8
meal,Asian Counseling and Referral Service (ACRS),Filipino Community of Seattle,open,Older Adults 60+ and Eligible Participants,"5740 Martin Luther King Jr Way S, Seattle, Wa 98118",47.5500465,-122.2871358,(206)-695-7510,https://www.acrs.org/services/aging-services-for-older-adults/senior-lunch-programs/,"Monday, Tuesday, Thursday, Friday",7/21/2025,foodbank9
meal,Asian Counseling and Referral Service (ACRS),Seattle Korean Elders Association Center Park,open,Older Adults 60+ and Eligible Participants,"2121 26Th Ave S, Seattle, Wa 98144",47.5842083,-122.2996639,(206)-695-7510,https://www.acrs.org/services/aging-services-for-older-adults/senior-lunch-programs/,"Tuesday, Friday",7/21/2025,foodbank10
meal,Asian Counseling and Referral Service (ACRS),Vietnamese Senior Association Garfield Community Center,open,Older Adults 60+ and Eligible Participants,"2323 E Cherry St, Seattle, Wa 98112",47.6076951,-122.3021127,(206)-695-7510,https://www.acrs.org/services/aging-services-for-older-adults/senior-lunch-programs/,"Tuesday, Friday",7/21/2025,foodbank11
meal,Asian Counseling and Referral Service (ACRS),Pyung An Seniors Academy,open,Older Adults 60+ and Eligible Participants,"526 12Th St Se, Auburn, Wa 98002",47.2968017,-122.2217635,(206)-695-7510,https://www.acrs.org/services/aging-services-for-older-adults/senior-lunch-programs/,"Monday, Tuesday, Thursday",7/21/2025,foodbank12
meal,Atrium Kitchen,Atrium Kitchen,open,Older Adults 60+ and Eligible Participants,"93 Pike St, Suite 101, Seattle, Wa 98101",47.608632,-122.3401409,(206)-829-9525,https://www.atriumkitchenpikeplace.com/,Thursday,8/12/2025,foodbank13
food bank,Auburn Food Bank,Auburn Food Bank,open,General Public,"2804 Auburn Way N, Auburn, Wa 98002",47.332001,-122.2211517,(253)-833-8925,https://www.theauburnfoodbank.org/food,"Monday, Tuesday, Thursday, Friday",8/7/2025,foodbank14
meal,Aurora Commons,Aurora Commons,open,General Public,"8914 Aurora Ave N, Seattle, Wa 98103",47.6938816,-122.3442384,(206)-299-2278,https://www.auroracommons.org/,"Monday, Tuesday, Wednesday, Thursday",8/12/2025,foodbank15
food bank,Ballard Food Bank,Ballard Food Bank,open,General Public,"1400 Leary Way Nw, Seattle, Wa 98107",47.66404713,-122.3740701,(206)-789-7800,https://www.ballardfoodbank.org/,"Monday, Tuesday, Wednesday, Thursday",8/12/2025,foodbank16
food bank & meal,Bethany Community Church,Bethany Food Bank at Green Lake,open,General Public,"8023 Green Lake Dr N, Seattle, Wa 98103",47.6873209,-122.3411453,(206)-524-9000,https://www.churchbcc.org/missions/localmissions,Monday,7/22/2025,foodbank17
food bank & meal,Blessed Sacrament,First United Methodist Church of Seattle,open,General Public,"5050 8Th Ave Ne, Seattle, Wa 98105",47.6664368,-122.3190289,(206)-547-3020,https://www.blessed-sacrament.org/outreach,"Sunday, Friday",8/12/2025,foodbank18
meal,Bread of Life Mission,Bread of Life Mission,open,General Public,"97 S Main St, Seattle, Wa 98104",47.5999268,-122.334605,(206)-682-3579,https://www.breadoflifemission.org/emergency-services,"Monday, Tuesday, Wednesday, Thursday, Friday",8/7/2025,foodbank19
food bank,Byrd Barr Place,The Market,open,General Public,"722 18Th Ave, Seattle, Wa 98122",47.6088532,-122.3085629,(206)-812-4940,https://www.byrdbarrplace.org/programs-services/food-bank/,"Tuesday, Wednesday, Thursday",7/22/2025,foodbank20
meal,Catholic Community Services of  Western Washington,African American Catholic Community Services,open,Older Adults 60+ and Eligible Participants,"1323 S Yakima Ave, Tacoma, Wa 98401",47.2497146,-122.4462912,(253)-383-3697,https://ccsww.org/services/meal-sites/,Thursday,7/21/2025,foodbank21
meal,Catholic Community Services of  Western Washington,Fife Community Center,open,Older Adults 60+ and Eligible Participants,"2111 54Th Ave E, Fife, Wa 98424",47.2378386,-122.356354,(253)-896-8662,https://ccsww.org/services/meal-sites/,"Wednesday, Friday",8/12/2025,foodbank23
meal,Catholic Community Services of  Western Washington,Gig Harbor Peninsula Lutheran Church,open,Older Adults 60+ and Eligible Participants,"6509 38Th Ave Nw, Gig Harbor, Wa 98335",47.3520152,-122.5899539,(253)-851-3511,https://ccsww.org/services/meal-sites/,"Monday, Wednesday",8/12/2025,foodbank24
meal,Catholic Community Services of  Western Washington,Japanese Tillicum Community Center,open,Older Adults 60+ and Eligible Participants,"14916 Washington, Tillicum, Wa 98499",47.1238194,-122.5542466,(253)-584-1280,https://ccsww.org/services/meal-sites/,Wednesday,8/12/2025,foodbank25
meal,Catholic Community Services of  Western Washington,Lakewood Catholic Community Services,open,Older Adults 60+ and Eligible Participants,"5705 Main St Sw, Lakewood, Wa 98499",47.1620074,-122.5147767,(253)-474-1200,https://ccsww.org/services/meal-sites/,"Monday, Tuesday",8/12/2025,foodbank26
meal,Catholic Community Services of  Western Washington,Lighthouse,open,Older Adults 60+ and Eligible Participants,"5016 S A St, Tacoma, Wa 98408",47.1718102,-122.4314291,(253)-591-5083 & (253)-426-1282,https://ccsww.org/services/meal-sites/,"Monday, Tuesday, Wednesday, Thursday, Friday",8/12/2025,foodbank27
meal,Catholic Community Services of  Western Washington,Parkland Trinity Lutheran Church,open,Older Adults 60+ and Eligible Participants,"12115 Park Ave S, Parkland, Wa 98444",47.1472555,-122.4392536,(253)-537-0201,https://ccsww.org/services/meal-sites/,"Monday, Friday",8/12/2025,foodbank28
meal,Catholic Community Services of  Western Washington,Tacoma Portland Ave Community Center,open,Older Adults 60+ and Eligible Participants,"3513 E Portland Ave, Tacoma, Wa 98408",47.2298509,-122.4074252,(253)-591-5391,https://ccsww.org/services/meal-sites/,"Tuesday, Thursday",8/12/2025,foodbank29
meal,Catholic Community Services of  Western Washington,Puyallup Activity Center,open,Older Adults 60+ and Eligible Participants,"210 W Pioneer, Puyallup, Wa 98371",47.1903177,-122.2952862,(253)-841-5447,https://ccsww.org/services/meal-sites/,"Monday, Wednesday, Friday",8/12/2025,foodbank30
meal,Catholic Community Services of  Western Washington,Ruston Pt. Defiance Senior Center,open,Older Adults 60+ and Eligible Participants,"4716 N Baltimore, Tacoma, Wa 98407",47.2923601,-122.5081236,(253)-756-0601,https://ccsww.org/services/meal-sites/,"Monday, Tuesday, Wednesday, Thursday",8/12/2025,foodbank31
meal,Catholic Community Services of  Western Washington,Steilacoom Senior Center,open,Older Adults 60+ and Eligible Participants,"2301 Worthington, Steilacoom, Wa 98388",47.1704387,-122.5922776,(253)-581-1076,https://ccsww.org/services/meal-sites/,"Tuesday, Wednesday, Friday",8/12/2025,foodbank32
meal,Catholic Community Services of  Western Washington,Tillicum Community Center,open,Older Adults 60+ and Eligible Participants,"14916 Sw Washington, Tillicum, Wa 98499",47.1238194,-122.5542466,(253)-584-12880,https://ccsww.org/services/meal-sites/,"Monday, Thursday",8/12/2025,foodbank34
meal,Catholic Community Services of  Western Washington,University Place Senior Center,open,Older Adults 60+ and Eligible Participants,"2534 Grandview Dr W, University Place, Wa 98466",47.2362832,-122.5507228,(253)-564-1992,https://ccsww.org/services/meal-sites/,Friday,8/12/2025,foodbank35
food bank & meal,Catholic Community Services of  Western Washington,Federal Way Senior Center,open,Older Adults 60+ and Eligible Participants,"4016 S 352Nd St, Auburn, Wa 98001",47.2867569,-122.2862589,(253)-838-3604,https://www.federalwayseniorcenter.org,"Monday, Thursday",8/12/2025,foodbank36
meal,Catholic Community Services of  Western Washington,Issaquah Senior Center,open,Older Adults 60+ and Eligible Participants,"180 E Sunset Way, Issaquah, Wa 98207",47.5311594,-122.0331071,(425)-679-0342,https://ccsww.org/services/issaquah-meals/,"Monday, Tuesday, Wednesday, Thursday, Friday",8/12/2025,foodbank37
meal,Catholic Community Services of  Western Washington,North Bellevue Community Center,open,Older Adults 60+ and Eligible Participants,"4063 148Th Ave Ne, Bellevue, Wa 98007",47.647434,-122.1450803,(425)-452-7681,https://www.bellevuewa.gov/city-government/departments/parks/community-centers/north-bellevue-community-center,"Monday, Tuesday, Wednesday, Friday",7/21/2025,foodbank38
meal,Catholic Community Services of  Western Washington,Pacific/Algona Senior Center,open,Older Adults 60+ and Eligible Participants,"100 3Rd Ave Sw, Pacific, Wa 98047",47.2642772,-122.2536081,(253)-929-1150,https://www.pacificwa.gov/,"Monday, Tuesday, Wednesday, Thursday, Friday",8/12/2025,foodbank39
meal,Catholic Community Services of  Western Washington,Peter Kirk Community Center,open,Older Adults 60+ and Eligible Participants,"352 Kirkland Ave, Kirkland, Wa 98033",47.67621,-122.201035,(425)-587-3360,https://www.kirklandwa.gov/depart/parks/About_Parks_and_Community_Services/Senior_Services.htm,"Tuesday, Wednesday, Friday",7/21/2025,foodbank40
meal,Catholic Community Services of  Western Washington,Phoenix Center,open,Contact Agency for Any Eligibility Requirements,"2329 Rainier Ave S, Seattle, Wa 98144",47.5822614,-122.3015923,(206)-623-7219,https://www.ccsww.org/get-help/shelter-homeless-services/lazarus-center/,"Sunday, Monday, Tuesday, Wednesday, Thursday, Friday, Saturday",8/12/2025,foodbank41
food bank,Catholic Community Services of  Western Washington,Snoqualmie Valley Food Bank,open,Older Adults 60+ and Eligible Participants,"31605 3Rd Ave, Black Diamond, Wa 98010",47.3183476,-122.0054494,(360)-886-1011,https://www.blackdiamondcommcenter.org/,"Monday, Tuesday, Wednesday, Thursday",7/25/2025,foodbank42
meal,Catholic Community Services of  Western Washington,Victory Outreach Seattle,open,Older Adults 60+ and Eligible Participants,"2045 S 216Th St, Des Moines, Wa 98198",47.4072518,-122.3057897,(206)-878-1642,https://www.desmoineswa.gov/cms/one.aspx?pageId=17490998,"Monday, Tuesday, Wednesday, Thursday",8/7/2025,foodbank43
meal,Catholic Community Services of  Western Washington,Eastside Community Centr,open,Older Adults 60+ and Eligible Participants,"1721 E 56Th St, Tacoma, Wa 98404",47.2068881,-122.4058446,(253)-404-3935,https://ccsww.org/services/meal-sites/,"Tuesday, Thursday",7/21/2025,foodbank44
meal,Catholic Community Services of  Western Washington,Tacoma Beacon Senior Center,open,Older Adults 60+ and Eligible Participants,"415 S 13Th, Tacoma, Wa 98402",47.2511843,-122.4421687,(253)-591-5083,https://ccsww.org/services/meal-sites/,"Monday, Tuesday, Wednesday, Thursday, Friday",8/12/2025,foodbank45
meal,Catholic Community Services of  Western Washington,Buckley Senior Center,open,Older Adults 60+ and Eligible Participants,"811 Main St, Buckley, Wa 98321",47.1628096,-122.0269228,(360)-829-0190,https://ccsww.org/services/meal-sites/,"Monday, Wednesday, Friday",8/12/2025,foodbank46
meal,Catholic Community Services of Western Washington & SPS,Tukwila Community Center,open,Contact Agency for Any Eligibility Requirements,"12424 42Nd Ave S, Tukwila, Wa 98168",47.4910151,-122.2785589,(206)-768-2822,https://ccsww.org/services/meal-sites/,Unknown,8/12/2025,foodbank47
food bank & meal,Plateau Outreach Ministries,Enumclaw Food Bank,open,Contact Agency for Any Eligibility Requirements,"1720 1/2 Wells St, Enumclaw, Wa 98022",47.20533037,-121.990026,(360)-825-8961,https://www.plateauoutreach.org/,"Monday, Tuesday, Wednesday",2/2/2026,foodbank48
food bank,Cedar Park Kenmore Church,Kenmore Food Bank,open,General Public,"18737 68Th Ave Ne, Kenmore, Wa 98028",47.765377,-122.2498724,(425)-939-1377,https://cpkenmore.com/food-bank,Monday,7/25/2025,foodbank49
meal,Church By The Side Of The Road,Church By the Side of the Road,open,General Public,"3455 S 148Th St, Tukwila, Wa 98168",47.469863,-122.2871757,(206)-243-5024,https://www.cbsr.org/,Tuesday,8/12/2025,foodbank50
meal,Community Lunch on Capitol Hill,All Pilgrims Christian Church,open,Contact Agency for Any Eligibility Requirements,"509 10Th Ave E, Seattle, Wa 98102",47.623387,-122.320142,(206)-972-2524,https://www.communitylunch.org/about-1,"Monday, Tuesday, Wednesday, Thursday, Friday",7/21/2025,foodbank51
meal,Community Lunch on Capitol Hill,All Pilgrims Christian Church,open,General Public,"500 Broadway E, Seattle, Wa 98102",47.6233603,-122.3203773,(206)-972-2524,https://www.communitylunch.org/about-1,"Monday, Tuesday, Wednesday, Thursday, Friday",7/25/2025,foodbank52
meal,Community Network Council,Community Network Council,open,General Public,"1819 Central Ave S, Suite 72, Kent, Wa 98032",47.362482,-122.2307681,Not Available,https://wacnc.org/meals-for-neighbors-program/,"Tuesday, Thursday",8/13/2025,foodbank53
meal,Des Moines Area Food Bank,Abbey Ridge Apartments,open,Youth and Young Adults,"3035 S 204Th St, Seatac, Wa 98198",47.418116,-122.2924305,(206)-878-2660,https://www.myfoodbank.org/meals-for-kids.html,"Monday, Tuesday, Wednesday, Thursday, Friday",8/12/2025,foodbank54
meal,Des Moines Area Food Bank,Angle Lake Park,open,Youth and Young Adults,"19408 International Blvd, Seatac, Wa 98188",47.42802993,-122.2928406,(206)-878-2660,https://www.myfoodbank.org/meals-for-kids.html,"Monday, Tuesday, Wednesday, Thursday, Friday",8/7/2025,foodbank55
meal,Des Moines Area Food Bank,Des Moines Field House,open,Youth and Young Adults,"1000 S 220Th St, Des Moines, Wa 98198",47.4049627,-122.3208554,(206)-878-2660,https://www.myfoodbank.org/meals-for-kids.html,"Monday, Wednesday, Friday",8/11/2025,foodbank56
meal,Des Moines Area Food Bank,Des Moines Marina Farmers Market,open,Youth and Young Adults,"22307 Dock Ave S, Des Moines, Wa 98198",47.4018118,-122.3294018,(206)-878-2660,https://www.myfoodbank.org/meals-for-kids.html,Saturday,8/7/2025,foodbank57
food bank,Des Moines Area Food Bank,Des Moines United Methodist Church,open,General Public,"22225 9Th Ave S, Des Moines, Wa 98198",47.4022373,-122.3224371,(206)-878-2660,https://www.myfoodbank.org/services.html,"Monday, Tuesday, Wednesday, Friday",8/11/2025,foodbank58
meal,Des Moines Area Food Bank,Lakeview Park,open,Youth and Young Adults,"422 Sw 160Th St, Burien, Wa 98166",47.4598173,-122.3409323,(206)-878-2660,https://www.myfoodbank.org/meals-for-kids.html,Monday,8/12/2025,foodbank59
meal,Des Moines Area Food Bank,McMicken Park,open,Youth and Young Adults,"S 166Th St & 37Th Ave S, Seatac, Wa 98188",47.47755124,-122.2852127,(206)-878-2660,https://www.myfoodbank.org/meals-for-kids.html,"Monday, Tuesday, Wednesday, Thursday, Friday",8/7/2025,foodbank60
meal,Des Moines Area Food Bank,Midway Park,open,Youth and Young Adults,"S 221St St & 29Th Ave S, Des Moines, Wa 98198",47.4036369,-122.2982037,(206)-878-2660,https://www.myfoodbank.org/meals-for-kids.html,"Monday, Tuesday, Wednesday, Thursday, Friday",7/25/2025,foodbank61
meal,Des Moines Area Food Bank,Pine Ridge Apartments,open,Youth and Young Adults,"3725 S 180Th St, Seatac, Wa 98188",47.4409849,-122.2885294,(206)-878-2660,https://www.myfoodbank.org/meals-for-kids.html,"Monday, Tuesday, Wednesday, Thursday, Friday",8/12/2025,foodbank62
meal,Des Moines Area Food Bank,Redondo Beach Park,open,Youth and Young Adults,"Redondo Beach Dr S And Redondo Way S, Des Moines, Wa 98198",47.34855775,-122.3250986,(206)-878-2660,https://www.myfoodbank.org/meals-for-kids.html,"Monday, Tuesday, Wednesday, Thursday, Friday",8/7/2025,foodbank63
meal,Des Moines Area Food Bank,Steve Cox Memorial Park,open,Youth and Young Adults,"1321 Sw 102Nd�St, Seattle, Wa 98146",47.511684,-122.3520731,(206)-878-2660,https://www.myfoodbank.org/meals-for-kids.html,"Monday, Tuesday, Wednesday, Thursday, Friday",8/12/2025,foodbank64
meal,Des Moines Area Food Bank,Underwood Park,open,Youth and Young Adults,"20Th Ave S, Des Moines, Wa 98198",47.4097855,-122.3076141,(206)-878-2660,https://www.myfoodbank.org/meals-for-kids.html,"Monday, Tuesday, Wednesday, Thursday, Friday",8/12/2025,foodbank65
meal,Des Moines Area Food Bank,Valley Ridge Park,open,Youth and Young Adults,"4644 S 188Th St, Seatac, Wa 98188",47.435277,-122.2743633,(206)-878-2660,https://www.myfoodbank.org/meals-for-kids.html,"Monday, Tuesday, Wednesday, Thursday, Friday",8/12/2025,foodbank66
meal,Des Moines Area Food Bank,Valley View Library,open,Youth and Young Adults,"17850 Military Rd S, Seatac, Wa 98188",47.4432145,-122.2737438,(206)-878-2660,https://www.myfoodbank.org/meals-for-kids.html,"Monday, Tuesday, Wednesday, Thursday, Friday",8/12/2025,foodbank67
meal,Des Moines Area Food Bank,Willow Lake Apartments,open,Youth and Young Adults,"3002 32Nd Ave S, Seatac, Wa 98188",47.444696,-122.2941207,(206)-878-2660,https://www.myfoodbank.org/meals-for-kids.html,"Monday, Tuesday, Wednesday, Thursday, Friday",7/21/2025,foodbank68
meal,Des Moines Area Food Bank,Windsor Heights Apartments,open,Youth and Young Adults,"17229 32Nd Ave S, Seatac, Wa 98188",47.448479,-122.2956636,(206)-878-2660,https://www.myfoodbank.org/meals-for-kids.html,"Monday, Tuesday, Wednesday, Thursday, Friday",7/21/2025,foodbank69
food bank & meal,El Centro de la Raza,El Centro de la Raza,open,"Food Bank: General Public 
Meals: Older Adults 60+ and Eligible Participants","2524 16Th Ave S, Seattle, Wa 98144",47.5805157,-122.3113797,(206)-957-4605,https://www.elcentrodelaraza.org/get-help/human-emergency-services/food-bank/,"Wednesday, Thursday, Friday",7/21/2025,foodbank70
food bank,Epic Church,The Giving Room,open,General Public,"10510 Stone Ave N, Seattle, Wa 98133",47.7052676,-122.3416573,(206)-552-9586,https://www.epiclifechurch.org/incarnational-ministry,Monday,8/12/2025,foodbank71
food bank & meal,Eritrean Association in Greater Seattle,Eritrean Association in Greater Seattle,open,Older Adults 60+ and Eligible Participants,"1954 S Massachusetts St, Seattle, Wa 98144",47.58918453,-122.3072811,(206)-548-6387,https://www.eritreanassociation.org/programs-blog/blog-post-title-four-thpy4,Unknown,8/7/2025,foodbank72
food bank,Fall City Community Food Pantry,Fall City United Methodist Church,open,General Public,"4326 337Th Place Se, Fall City, Wa 98024",47.5662398,-121.8906809,(425)-269-8098,https://www.fallcityfoodpantry.org/what-we-do-1,Wednesday,8/7/2025,foodbank73
food bank,Salvation Army,Greenwood Food Bank - Hope Market,open,General Public,"9501 Greenwood Ave N, Seattle, Wa 98103",47.6984899,-122.3557886,Not Available,https://seattletemple.salvationarmy.org/seattle_temple_corps/greenwood-food-bank-1/,"Tuesday, Wednesday",11/5/2025,foodbank74
food bank,FamilyWorks,Wallingford Food Bank,open,General Public,"4318 Stone Way N, Seattle, Wa 98103",47.6597609,-122.3444542,(206)-647-1780,https://www.familyworksseattle.org/food-banks/,"Tuesday, Thursday, Friday",11/5/2025,foodbank75
meal,Federal Way Community Caregiving Network,Christian Faith Center,open,General Public,"33645 20Th Ave S,�Federal Way, Wa 98003",47.2987135,-122.3086459,(253)-661-0505,https://www.fwccn.org/services.html,Monday,8/12/2025,foodbank76
meal,Federal Way Community Caregiving Network,St. Vincent de Paul Catholic Church,open,General Public,"345 S 312Th, Federal Way, Wa 98003",47.2987135,-122.3086459,(253)-661-0505,https://www.fwccn.org/services.html,Saturday,7/25/2025,foodbank77
food bank,Federal Way Food Bank,Multi-Service Center,open,General Public,"�27614 Pacific Highway S, Federal Way, Wa 98003",47.3013527,-122.320142,(253)-838-6810,https://mschelps.org/gethelp/food/,"Tuesday, Wednesday, Thursday",8/12/2025,foodbank78
food bank & meal,Filipino Community of Seattle,Filipino Community of Seattle Meals and Food Bank,open,"Food Bank: General Public 
Meals: Older Adults 60+ and Eligible Participants","5740 Martin Luther King Jr Way S, Seattle, Wa 98144",47.5500465,-122.2871358,(206)-722-9372,https://www.filcommsea.org/senior-services,"Monday, Tuesday, Thursday",8/7/2025,foodbank79
meal,Filipino Community of Seattle,Eritrean Association in Greater Seattle,open,Older Adults 60+ and Eligible Participants,"1528 Valentine Pl S, Seattle, Wa 98144",47.5888499,-122.3070989,(206)-722-9372,https://www.filcommsea.org/index.php/programs/,"Monday, Tuesday, Thursday",8/7/2025,foodbank80
meal,First Covenant Church,First Covenant Church,open,Contact Agency for Any Eligibility Requirements,"400 E Pike St, Seattle, Wa 98122",47.6142392,-122.3263239,(206)-322-7411,https://www.firstcovenantseattle.org/outreach,Saturday,8/12/2025,foodbank81
meal,First United Methodist Church of Seattle,First United Methodist Church of Seattle,open,General Public,"180 Denny Way, Seattle, Wa 98109",47.6188068,-122.3531962,(206)-622-7278,https://www.firstchurchseattle.org/shared-breakfast/?fbclid=IwAR2EAykPB90--700TuZeuY3aX18yx3tXkg9lbCW8qVghb3RgTCJJnwkB7wQ,Sunday,8/7/2025,foodbank82
meal,Food Not Bombs - Seattle,Occidental Park,open,General Public,"Occidental Ave S And S Main St, Seattle, Wa 98104",47.6000475,-122.3328885,(206)-397-6815,https://www.seattlefoodnotbombs.org/?fbclid=IwAR3T68e9asOm5ksmU_CuHK8ppZZir1QFQBRn_HbSvUCNvhDb7sGxeFXhr_g,"Sunday, Saturday",7/22/2025,foodbank83
meal,Frelard Tamales,Frelard Tamales,open,General Public,"6412 Latona Ave Ne, Seattle, Wa 98115",47.6756763,-122.3252185,(206)-523-6654,https://www.frelardtamales.com/,"Sunday, Monday, Tuesday, Wednesday, Thursday, Friday, Saturday",8/12/2025,foodbank84
meal,Greater Maple Valley Community Center,Greater Maple Valley Community Center,open,Older Adults 60+ and Eligible Participants,"22010 Se 248Th St, Maple Valley, Wa 98038",47.380747,-122.0477423,(425)-432-1272,https://www.maplevalleycc.org/,"Monday, Wednesday, Friday",8/7/2025,foodbank85
meal,Green Sprouts,SeaTac Community Center,open,Older Adults 60+ and Eligible Participants,"13735 24Th Ave S, Seatac, Wa 98168",47.4802984,-122.3038972,(206)-973-4690,https://www.seatacwa.gov/services/senior-program,"Tuesday, Wednesday, Thursday, Friday",7/25/2025,foodbank86
food bank,Help Northwest,Help Northwest,open,General Public,"404 22Nd St Se, #D, Auburn, Wa 98002",47.2883898,-122.2238173,(206)-227-5977,https://www.helpnorthwest.com/1401.html,"Monday, Tuesday, Wednesday, Thursday, Friday",8/12/2025,foodbank87
food bank,Highline Area Food Bank,Highline Area Food Bank,open,General Public,"18300 4Th Ave S, Burien, Wa 98148",47.4383823,-122.3275755,(206)-433-9900,https://www.highlineareafoodbank.org/,"Tuesday, Thursday",7/22/2025,foodbank88
food bank,Holy Innocents Food Pantry,Holy Innocents Church,open,General Public,"26526 Ne Cherry Valley Rd, Duvall, Wa 98019",47.7482852,-121.9818384,(425)-788-1400,https://www.holyinn.org/holy-innocents-food-pantry,"Tuesday, Wednesday",8/7/2025,foodbank89
meal,Holy Spirit Church,Holy Spirit Church,open,General Public,"310 3Rd Ave S, Kent, Wa 98032",47.3790708,-122.2357517,(253)-859-0444,https://www.holyspiritkent.org/,Friday,7/28/2025,foodbank90
food bank,Holy Temple Evangelistic Center,Holy Temple Evangelistic Center,open,General Public,"12600 Renton Ave S, Seattle, Wa 98178",47.4917411,-122.2393177,(206)-722-3984,https://www.facebook.com/HolyTECSeattle/,Unknown,7/28/2025,foodbank91
food bank,Hopelink,Bellevue Food Bank,open,General Public,"14812 Main St, Bellevue, Wa 98007",47.6101989,-122.1414751,(425)-869-6000,https://www.hopelink.org/need-help/food#collapseTen,"Monday, Tuesday, Wednesday, Thursday",8/12/2025,foodbank92
food bank,Hopelink,Duvall Redemption Church,open,General Public,"15305 Main St Ne, Duvall, Wa 98019",47.7384956,-121.9874376,(425)-869-6000,https://www.hopelink.org/programs/food-program/mobile-market/,"Tuesday, Wednesday, Thursday",7/22/2025,foodbank93
food bank,Hopelink,Fall City Library,open,General Public,"33415 Se 42Nd Pl, Fall City, Wa 98024",47.5687511,-121.8939291,(425)-869-6000,https://www.hopelink.org/programs/food-program/mobile-market/,Wednesday,7/22/2025,foodbank94
food bank,Hopelink,Kenmore Community Church,open,General Public,"7504 Ne Bothell Way, Kenmore, Wa 98028",47.7574803,-122.2403086,(425)-869-6000,https://www.hopelink.org/programs/food-program/mobile-market/,Thursday,7/28/2025,foodbank95
food bank,Hopelink,Kenmore Senior Center,open,General Public,"6910 Ne 170Th St, Kenmore, Wa 98028",47.752997,-122.2498849,(425)-869-6000,https://www.hopelink.org/programs/food-program/mobile-market/,Tuesday,7/28/2025,foodbank96
food bank,Hopelink,Kirkland Food Bank,open,General Public,"11011 120Th Ave Ne, Kirkland, Wa 98033",47.6987817,-122.1818137,(425)-869-6000,https://www.hopelink.org/programs/food-program/,"Monday, Tuesday, Wednesday, Thursday",8/12/2025,foodbank97
food bank,Hopelink,Lake Hills Elementary,open,General Public,"14310 Se 12Th St, Bellevue, Wa 98007",47.600419,-122.1487891,(425)-889-7880,https://www.hopelink.org/programs/food-program/mobile-market/,"Tuesday, Wednesday, Thursday",8/7/2025,foodbank98
food bank,Hopelink,Redmond Food Bank,open,General Public,"8990 154Th Ave Ne, Redmond, Wa 98052",47.6818932,-122.13423,(425)-869-6000,https://www.hopelink.org/programs/food-program/,"Monday, Tuesday, Wednesday, Thursday",8/7/2025,foodbank99
food bank,Hopelink,Shoreline Food Bank,open,General Public,"17837 Aurora Ave N, Shoreline, Wa 98133",47.758995,-122.3668098,(206)-440-7300,https://www.hopelink.org/need-help/food#collapseTen,"Monday, Tuesday, Wednesday, Thursday",7/28/2025,foodbank100
food bank,Hopelink,Sno-Valley Food Bank,open,General Public,"31957 E Commercial St, Carnation, Wa 98014",47.6488697,-121.912673,(425)-333-4163,https://www.hopelink.org/need-help/food#collapseTen,"Monday, Wednesday, Thursday",7/28/2025,foodbank101
food bank,Hopelink,UW Bothell/Cascadia College,open,General Public,"18115 Campus Way Ne, Building Cc2, Bothell, Wa 98011",47.7612687,-122.1918002,(425)-869-6000,https://www.hopelink.org/programs/food-program/mobile-market/,Thursday,7/22/2025,foodbank102
food bank,Hopelink,Woodinville Downtown,open,General Public,"18105 142Nd Ave Ne, Woodinville, Wa 98072",47.758519,-122.149842,(425)-869-6000,https://www.hopelink.org/programs/food-program/mobile-market/,Wednesday,7/22/2025,foodbank103
food bank,Hopelink,Woodinville Library,open,General Public,"17105 Avondale Rd Ne, Woodinville, Wa 98072",47.7515963,-122.0819456,(425)-869-6000,https://www.hopelink.org/location/mobile-market,Tuesday,8/12/2025,foodbank104
meal,Hunger Intervention Program,Cedarvale Village,open,Youth and Young Adults,"11050 8Th Ave Ne, Seattle, Wa 98125",47.710233,-122.3201755,(206)-538-6567,https://www.hungerintervention.org/,"Monday, Tuesday, Wednesday, Thursday, Friday",8/4/2025,foodbank105
meal,Hunger Intervention Program,Afterschool Meal at Lake City Library,open,Youth and Young Adults,"12501 28Th Ave Ne, Seattle, Wa 98125",47.7197568,-122.2981467,(206)-538-6567,https://hungerintervention.org/afterschool-meals/,Friday,8/11/2025,foodbank106
meal,Hunger Intervention Program,Lake City Court,open,Youth and Young Adults,"12526 33Rd Ave Ne, Seattle, Wa 98125",47.720291,-122.291805,(206)-538-6567,https://www.hungerintervention.org/,"Monday, Tuesday, Wednesday, Thursday, Friday",8/7/2025,foodbank107
meal,Hunger Intervention Program,Farmers Market at Lake City Community Center,open,Youth and Young Adults,"12546 28Th Ave Ne, Seattle, Wa 98125",47.7197784,-122.2975849,(206)-538-6567,https://www.hungerintervention.org/,Thursday,8/9/2025,foodbank108
meal,Hunger Intervention Program,Bella-B Mobile Park Home,open,Youth and Young Adults,"1333 N 125Th St, Seattle, Wa 98133",47.7191339,-122.3410813,(206)-538-6567,https://www.hungerintervention.org,"Monday, Tuesday, Wednesday, Thursday, Friday",8/4/2025,foodbank109
meal,Hunger Intervention Program,Viv Apartments,open,Youth and Young Adults,"14200 Linden Ave N, Seattle, Wa 98133",47.732034,-122.3474844,Not Available,https://www.hungerintervention.org,"Monday, Tuesday, Wednesday, Thursday, Friday",8/4/2025,foodbank110
meal,Hunger Intervention Program,Jackson Park Community Building,open,Youth and Young Adults,"14374 30Th Ave Ne, Seattle, Wa 98125",47.733508,-122.29595,(206)-538-6567,https://www.hungerintervention.org/,"Monday, Tuesday, Wednesday, Thursday, Friday",8/12/2025,foodbank111
meal,Hunger Intervention Program,Dale Turner YMCA,open,Youth and Young Adults,"19290 Aurora Ave N, Shoreline, Wa 98133",47.7693257,-122.3453267,Not Available,https://www.hungerintervention.org,"Monday, Tuesday, Wednesday, Thursday, Friday",8/4/2025,foodbank112
meal,Hunger Intervention Program,Ballinger Homes,open,Youth and Young Adults,"2200 Ne 201St Place, Shoreline, Wa 98155",47.7751195,-122.3066142,Not Available,https://www.hungerintervention.org,"Monday, Tuesday, Wednesday, Thursday, Friday",8/4/2025,foodbank113
meal,Hunger Intervention Program,KCLS Library (Shoreline Branch),open,Youth and Young Adults,"345 Ne 175Th St, Shoreline, Wa 98155",47.75572025,-122.3248112,(206)-538-6567,https://www.hungerintervention.org/,"Monday, Tuesday, Wednesday, Thursday, Friday",8/12/2025,foodbank114
meal,Hunger Intervention Program,North City Elementary School,open,Youth and Young Adults,"816 Ne 190Th St, Shoreline, Wa 98155",47.767272,-122.3208429,(206)-538-6567,https://www.hungerintervention.org/,"Monday, Tuesday, Wednesday, Thursday, Friday",8/4/2025,foodbank115
food bank & meal,Immanuel Community Services,Immanuel Community Services Food Bank and Community Lunch,open,General Public,"1215 Thomas, Seattle, Wa 98109",47.6206572,-122.3321098,(206)-622-1930,https://www.icsseattle.org/covid-19-info/,"Sunday, Monday",8/4/2025,foodbank116
food bank,Issaquah Food and Clothing Bank,Issaquah Food and Clothing Bank,open,General Public,"179 1St Ave Se, Issaquah, Wa 98027",47.528687,-122.0349549,(425)-392-4123,https://issaquahfoodbank.org/,"Monday, Tuesday, Thursday",8/4/2025,foodbank117
food bank,Jewish Family Service,Polack Food Bank,open,General Public,"1601 16Th Ave, Seattle, Wa 98122",47.6155896,-122.3118419,(206)-461-3240,https://www.jfsseattle.org/get-help/polack-food-bank/,"Wednesday, Thursday, Friday",8/4/2025,foodbank118
food bank,Kent Food Bank and Emergency Services,Kent Food Bank,open,General Public,"515 W Harrison St, Suite 107, Kent Wa 98032",47.3823817,-122.2385989,(253)-520-3550,https://www.kentfoodbank.org/,"Wednesday, Thursday, Friday",2/1/2026,foodbank119
meal,Kent Seventh Day Adventist Church,Kent Seventh Day Adventist Church,open,General Public,"25213 116Th Ave Se, Kent, Wa 98030",47.3755391,-122.1875964,(253)-852-3883,https://www.kentsda.org/,Saturday,8/4/2025,foodbank120
meal,Korean Women's Association,Korean Meal Site,open,Older Adults 60+ and Eligible Participants,"31635 23Rd Ave S, Federal Way, Wa 98003",47.3180788,-122.3043065,(253)-946-2489,https://www.kwacares.org/our-services/social-services/senior-wellness-programs/senior-congregate-nutrition-service-hdm/,"Monday, Wednesday, Friday",8/7/2025,foodbank121
food bank & meal,Lifelong,Chicken Soup Brigade,open,Contact Agency for Any Eligibility Requirements,"210 S Lucile, Seattle , Wa 98108",47.3546154,-122.1695967,(206)-957-1600,https://www.lifelong.org/chicken-soup-brigade,Unknown,2/1/2026,foodbank122
food bank,Living Well Kent,Kent,open,General Public,"24604 104Th Ave Se, Suite 102, Kent, Wa 98030",47.3813694,-122.2015809,(425)-466-7018,https://livingwellkent.org/index.html,"Monday, Wednesday",8/12/2025,foodbank123
food bank,Maple Valley Food Bank and Emergency Services,Maple Valley Food Bank,open,General Public,"21415 Renton-Maple Valley Rd Se, Maple Valley, Wa 98038",47.4093704,-122.0395177,(425)-432-8633,https://www.maplevalleyfoodbank.org/programs/market-style-food-bank/senior-shop-day/,"Tuesday, Wednesday",8/7/2025,foodbank124
food bank & meal,Messiah Lutheran Church,Auburn,open,General Public,"410 H St Ne, Auburn, Wa 98002",47.3116212,-122.2190892,(253)-833-5280,https://www.mlcauburn.org/community,"Sunday, Wednesday, Thursday",8/4/2025,foodbank125
meal,Mt. Si Senior Center,Mt. Si Senior Center,open,Older Adults 50+ and Eligible Participants,"411 Main Ave S, North Bend, Wa 98045",47.4928162,-121.7885425,(425)-888-3434,https://www.mtsiseniorcenter.org/,"Monday, Tuesday, Wednesday, Thursday, Friday",8/7/2025,foodbank126
meal,Multicultural Self-Sufficiency Movement,Evergreen Senior Club - Federal Way Community Center,open,Older Adults 60+ and Eligible Participants,"30819 14Th Ave S, Federal Way, Wa 98003",47.3256699,-122.3164786,(253)-835-6900,https://itallhappenshere.org/seniors/,Wednesday,8/7/2025,foodbank127
meal,Musang Community Kitchen,Musang Community Kitchen,open,General Public,"2524 Beacon Ave S, Seattle, Wa 98144",47.5803727,-122.3127166,(206)-708-6871,https://www.musangseattle.com/community-kitchen,"Monday, Tuesday",8/4/2025,foodbank128
meal,New Beginnings Christian Fellowship,New Beginnings Christian Fellowship,open,General Public,"19300 108Th Ave Se, Kent, Wa 98031",47.428904,-122.1954886,(425)-282-6220,https://thenbcf.org/,Saturday,8/12/2025,foodbank129
food bank,North Helpline,Bitter Lake Food Bank,open,General Public,"13000 Linden Ave N, Seattle, Wa 98125",47.7242235,-122.3472592,(206)-367-3477,https://www.northhelpline.org/get-help/bitter-lake/,Saturday,8/4/2025,foodbank130
food bank,North Helpline,Lake City Food Bank,open,General Public,"12736 33Rd Ave Ne, Seattle, Wa 98125",47.7223248,-122.2918447,(206)-367-3477,https://www.northhelpline.org/get-help/food-bank/,"Wednesday, Thursday, Saturday",8/12/2025,foodbank131
food bank,Northwest Harvest,SODO Community Market,open,General Public,"1915 4Th Ave S, Seattle, Wa 98134",47.5855714,-122.3295651,(800)-722-6924,https://www.northwestharvest.org/sodo-community-market?gclid=CjwKCAjwguzzBRBiEiwAgU0FT2oeYOjgOqT-nfdpq8cCoSR-ynhQyJnFA4Xuzmhtt749Xzpz19jAZRoCaTUQAvD_BwE,"Monday, Wednesday, Friday",8/4/2025,foodbank132
food bank,Northwest Harvest/World Relief,Hillside Church,open,General Public,"930 E James St, Kent, Wa 98031",47.3861959,-122.2218815,(253)-852-5144,https://hillsidechurch.squarespace.com/local-1,Unknown,8/13/2025,foodbank133
meal,Northwest SHARE,University Heights Center,open,General Public,"5031 University Way Ne, Seattle, Wa 98105",47.666133,-122.3137458,(206)-527-4278,https://www.uheightscenter.org/coronavirus,"Sunday, Wednesday, Friday, Saturday",8/4/2025,foodbank134
meal,Operation Nightwatch,Operation Nightwatch Shelter Dispatch Center,open,General Public,"302 14Th Ave S, Seattle, Wa 98144",47.5998571,-122.3137564,(206)-329-2099,https://www.seattlenightwatch.org/what-we-do/food-and-shelter/,"Sunday, Monday, Tuesday, Wednesday, Thursday, Friday, Saturday",8/4/2025,foodbank135
meal,"Operation Sack Lunch, Inc.",Compass Housing,open,General Public,"210 Alaskan Way S, Seattle, Wa 98104",47.60104542,-122.3353162,(206)-347-6629,https://www.oslserves.org/,"Monday, Tuesday, Wednesday, Thursday, Friday, Saturday",8/12/2025,foodbank136
food bank,Overcomer Covenant Church,Overcomer Food Bank,open,General Public,"2808 S 354Th Ln, Federal Way, Wa 98003",47.28432,-122.29698,(253)-874-4038,https://overcomercc.org/missions-outreach,Unknown,8/4/2025,foodbank137
food bank,Paradise of Praise,Food Bank,open,General Public,"1316 Sw Holden St, Seattle, Wa 98106",47.5344477,-122.3524692,(206)-234-2713,https://www.seattlefoodcommittee.org/food_bank/paradise-of-praise/,Tuesday,8/4/2025,foodbank138
meal,Sound Generations,Hunger Intervention Program - Lake City Community Center,open,Older Adults 60+ and Eligible Participants,"12531 28Th Ave Ne, Seattle, Wa 98125",47.7203524,-122.2981048,(206)-707-1865,https://www.soundgenerations.org/our-programs/food-security/community-dining/,"Monday, Wednesday, Friday",8/5/2025,foodbank139
meal,St. Martin's On Westlake,St. Martin's On Westlake,open,Contact Agency for Any Eligibility Requirements,"2008 Westlake Ave, Seattle, Wa 98121",47.6155497,-122.3375982,(206)-340-0410,https://ccsww.org/services/permanent-housing/,"Sunday, Monday, Tuesday, Wednesday, Thursday, Friday, Saturday",2/5/2026,foodbank140
food bank,Phinney Ridge Lutheran Church,Phinney Ridge Food Bank,open,General Public,"7500 Greenwood Ave N, Seattle, Wa 98103",47.6835063,-122.3547797,(206)-783-2350,https://prlc.org/phinney-ridge-lutheran-church-food-bank,"Tuesday, Wednesday",8/4/2025,foodbank141
food bank,Pike Market Senior Center,Pike Market Senior Center,open,Contact Agency for Any Eligibility Requirements,"1531 Western Ave, Seattle, Wa 98101",47.608886,-122.342051,(206)-728-2773,https://www.pmsc-fb.org/,"Sunday, Monday, Tuesday, Wednesday, Thursday, Friday, Saturday",8/4/2025,foodbank142
meal,Pike Market Senior Center,Pike Market Senior Center,open,Older Adults 55+ and Eligible Participants,"85 Pike St, Seattle, Wa 98101",47.6084268,-122.3405616,(206)-728-2773,https://www.pmsc-fb.org/,"Sunday, Monday, Tuesday, Wednesday, Thursday, Friday, Saturday",8/4/2025,foodbank143
food bank,Plant Based Food Share,Central Seattle,open,Contact Agency for Any Eligibility Requirements,"7148 Martin Luther King Jr Way S, Seattle, Wa 98118",47.5374953,-122.2809353,(971)-245-2907?,https://www.plantbasedfoodshare.org,"Sunday, Monday",8/12/2025,foodbank144
meal,Federal Way Community Caregiving Network,Church of the Good Shepherd Church,open,General Public,"345 S 312Th St, Federal Way, Wa 98003",47.3221136,-122.330177,(253)-661-0505,https://www.fwccn.org/services.html,Saturday,8/12/2025,foodbank145
food bank,Prison Scholar Fund,Prison Scholar Fund,open,Contact Agency for Any Eligibility Requirements,"1752 Nw Market St, #953, Seattle, Wa 98107",47.669121,-122.381152,(206)-734-5425,https://www.prisonscholars.org/food-security/,"Thursday, Friday",8/12/2025,foodbank146
food bank,Puget Sound Labor Agency,Puget Sound Labor Agency Food Bank,open,General Public,"5300 4Th Ave South, Seattle, Wa 98108",47.5546964,-122.3291893,(206)-448-9277,https://www.pugetsoundlaboragency.org/food-bank.html,"Monday, Wednesday",8/12/2025,foodbank147
meal,Preston Food Bank,Raging River Community Church,open,General Public,"31104 Se 86Th St, Preston, Wa 98050",47.5236596,-121.926249,(425)-222-5573,https://r2c2blog.wordpress.com/ministry/foodbank/,Thursday,8/7/2025,foodbank148
food bank & meal,Rainier Valley Food Bank,Paradise Baptist Church,open,General Public,"4353 S Henderson St, Seattle, Wa 98118",47.5230689,-122.2771896,Not Available,https://www.rvfb.org/grocery-mobile-markets,"Wednesday, Friday",8/5/2025,foodbank149
meal,Ravenna PopUp Kitchen,Ravenna PopUp Kitchen,open,General Public,"65Th And 8Th Ave Ne, Seattle, Wa 98115 (Under The I5 Overpass)",47.675803,-122.320245,Not Available,https://www.facebook.com/pages/category/Community/Ravenna-PopUp-Kitchen-498542463880219/,Sunday,8/12/2025,foodbank151
meal,REACH Meal Coalition,REACH Meal Coalition,open,General Public,"419 S 2Nd St, Suite 1, Renton, Wa 98057",47.4873486,-122.217794,(425)-277-7582,https://reachrenton.org/rmc-the-table-a-free-community-meal,Saturday,8/12/2025,foodbank152
meal,Recovery Caf�,Recovery Caf� SODO,open,Contact Agency for Any Eligibility Requirements,"4202 6Th Ave S, Seattle, Wa 98108",47.5657673,-122.326286,(206)-333-2314,https://recoverycafe.org/recovery-cafe-sodo/,"Monday, Tuesday, Wednesday, Thursday, Friday, Saturday",8/12/2025,foodbank153
meal,Recovery Caf�,South Lake Union,open,Contact Agency for Any Eligibility Requirements,"2022 Boren Ave, Seattle, Wa 98121",47.618348,-122.3346308,(206)-374-8731,https://www.recoverycafe.org/,"Tuesday, Wednesday, Thursday, Friday, Saturday",8/4/2025,foodbank154
food bank & meal,Redmond UMC,Open Kitchen,open,General Public,"16540 Ne 80Th St, Redmond, Wa 98052",47.675118,-122.120025,(425)-883-7553,https://redmondumc.org/ministries/open-kitchen,Wednesday,8/4/2025,foodbank155
food bank,Renewal Food Bank,Highland Covenant Church,open,General Public,"15022 Bel-Red Rd, Bellevue, Wa 98007",47.6275862,-122.1394748,(425)-736-8132,https://renewalfoodbank.org/,"Monday, Tuesday, Wednesday",8/7/2025,foodbank156
meal,ROOTS,Friday Feast,open,General Public,"4130 University Way Ne, Seattle, Wa 98105",47.6592588,-122.3124319,(206)-632-1635,https://www.rootsinfo.org/,Friday,8/12/2025,foodbank157
meal,Roots Young Adult Shelter,Roots Young Adult Shelter,open,General Public,"4541 19Th Ave Ne, Seattle, Wa 98105",47.6624222,-122.3076074,(206)-632-1635,https://www.rootsinfo.org/friday-feast-volunteer,Friday,2/1/2026,foodbank158
food bank & meal,Sacred Heart Church/SVDP Society,Queen Anne Food Bank and Meals,open,General Public,"232 Warren Ave N, Suite B, Seattle, Wa 98109",47.6206989,-122.3537259,(206)-216-4102,https://www.sacredheartseattle.org/qafb,"Monday, Tuesday, Wednesday, Thursday, Friday",8/2/2025,foodbank159
food bank & meal,Salvation Army,Salvation Army Renton/Rotary Food Bank,open,General Public,"206 S Tobin St, Renton,  Wa 98057",47.4842805,-122.2140148,(425)-255-5969,https://webmanager.salvationarmy.org/renton_corps/food-bank?random=492,"Monday, Tuesday, Wednesday, Thursday, Friday",8/12/2025,foodbank160
food bank & meal,Salvation Army,Salvation Army White Center,open,"Food Bank: General Public 
Meals: Older Adults 60+ and Eligible Participants","9050 16Th Ave Sw, Seattle, Wa 98106",47.5215741,-122.3547065,(206)-767-3150,https://tsawhitecenter.org/SeattleWhiteCenter/help,"Monday, Tuesday, Wednesday, Thursday, Friday",8/7/2025,foodbank161
meal,Salvation Army of Renton Community Supper,The Salvation Army Renton Corps Community Center,open,General Public,"720 S Tobin St, Renton, Wa 98057",47.4839337,-122.2072343,(425)-255-5974,https://renton.salvationarmy.org/renton_corps/renton-food-bank/,"Monday, Tuesday, Wednesday, Thursday",8/7/2025,foodbank162
food bank & meal,Seattle Indian Center,Emergency Meals and Food Bank,open,General Public,"624 S Dearborn St, Seattle, Wa 98134",47.5959979,-122.3254326,(206)-329-8700,https://www.seattleindian.org/services/food-security-programs/,"Monday, Tuesday, Wednesday, Thursday, Friday",8/5/2025,foodbank163
food bank,Snoqualmie Valley Food Bank,Snoqualmie Valley Food Bank,open,General Public,"122 E 3Rd St, North Bend, Wa 98045",47.4962806,-121.783458,(425)-888-7832,https://www.snoqualmievalleyfoodbank.org/,"Tuesday, Wednesday, Thursday",8/12/2025,foodbank164
meal,Snoqualmie Valley Shelter Resource Center,American Legion Post,open,Contact Agency for Any Eligibility Requirements,"38625 Se River St, Snoqualmie, Wa 98065",47.5266927,-121.8255624,(425)-773-2874,https://www.svshelterservices.org/resource-center.html,"Sunday, Monday, Tuesday, Wednesday, Thursday",8/5/2025,foodbank165
food bank,Society of St Vincent de Paul Council,Georgetown Food Bank,open,General Public,"5972 4Th Ave S, Seattle, Wa 98108",47.5486194,-122.3291318,(206)-686-5260,https://www.svdpseattle.org/get-help/food-bank/,"Tuesday, Thursday, Friday",8/5/2025,foodbank166
meal,Sound Generations,Auburn Senior Activity Center,open,Older Adults 60+ and Eligible Participants,"808 9Th St Se, Auburn, Wa 98002",47.30001724,-122.2179889,(253)-931-3016,https://www.auburnwa.gov/city_hall/parks_arts_recreation/senior_activity_center/senior_health,"Monday, Tuesday, Wednesday, Thursday, Friday",8/7/2025,foodbank167
meal,Sound Generations,American Polynesian Organization and International Drop-In Center,open,Older Adults 60+ and Eligible Participants,"7301 Beacon Ave, Seattle, Wa 98108",47.5364556,-122.2934033,(206)-606-0916,https://www.soundgenerations.org/our-programs/food-security/community-dining/,Tuesday,8/5/2025,foodbank168
meal,Sound Generations,Ballard NW Senior Center,open,Older Adults 60+ and Eligible Participants,"5429 32Nd Nw, Seattle, Wa 98017",47.6684176,-122.3987072,(206)-297-0403,https://www.soundgenerations.org/our-programs/food-security/community-dining/,"Monday, Tuesday, Wednesday, Thursday, Friday",8/5/2025,foodbank169
meal,Sound Generations,Central Area Senior Center,open,Older Adults 60+ and Eligible Participants,"500 30Th Ave S, Seattle, Wa 98144",47.597467,-122.2932771,(206)-726-4926,https://www.soundgenerations.org/our-programs/food-security/community-dining/,"Monday, Tuesday, Wednesday, Thursday, Friday",8/12/2025,foodbank170
food bank,Rainier Valley Food Bank,Rainier Valley Food Bank,open,General Public,"4205 Rainier Ave S, Seattle, Wa 98118",47.5653236,-122.2889468,(206)-723-4105,https://www.rvfb.org/,"Wednesday, Friday",8/20/2025,foodbank171
meal,Sound Generations,First Tongan Senior Association,open,Older Adults 60+ and Eligible Participants,"9001 9Th Ave Sw, Seattle, Wa 98106",47.5225031,-122.3471612,(206)-727-6248,https://www.soundgenerations.org/our-programs/food-security/community-dining/,Wednesday,8/7/2025,foodbank172
meal,Sound Generations,Greenwood Senior Center,open,Older Adults 60+ and Eligible Participants,"525 N 85Th St, Seattle, Wa 98103",47.6904002,-122.3509931,(206)-297-0875,https://www.phinneycenter.org/seniors/gsc/,"Monday, Tuesday, Wednesday, Thursday, Friday",8/5/2025,foodbank173
meal,Teen Feed,University Congregational Church,open,Youth and Young Adults,"4515 16Th Ave Ne, Seattle, Wa 98105",47.6617835,-122.3111496,(206)-229-0813,https://www.teenfeed.org/programs/,"Sunday, Monday, Tuesday, Wednesday, Thursday, Friday, Saturday",8/12/2025,foodbank174
meal,Sound Generations,Kawabe Memorial House,open,Older Adults 60+ and Eligible Participants,"221 18Th Ave S, Seattle, Wa 98144",47.6003875,-122.3092827,(206)-322-4550,https://kawabehouse.org/meiji-kai-menu/,"Monday, Tuesday, Wednesday, Thursday, Friday",8/5/2025,foodbank175
food bank & meal,Sound Generations,Northshore Senior Center,open,Older Adults 60+ and Eligible Participants,"10201 E Riverside Dr, Bothell, Wa 98011",47.7560448,-122.2026247,(425)-487-2441,https://www.northshoreseniorcenter.org/programs-services/,"Monday, Tuesday, Wednesday, Thursday, Friday",8/5/2025,foodbank176
meal,Sound Generations,Renton Senior Center,open,Older Adults 60+ and Eligible Participants,"211 Burnett Ave N, Renton, Wa 98057",47.4861262,-122.2077373,(425)-430-6633,https://www.rentonwa.gov/cms/one.aspx?pageId=8715840,"Monday, Tuesday, Wednesday, Thursday, Friday",8/7/2025,foodbank177
meal,Sound Generations,Shoreline Lake Forest Park Senior Center,open,Older Adults 60+ and Eligible Participants,"18560 1St Ave Ne, Bldg G, Shoreline, Wa 98155",47.7654839,-122.3280209,(206)-365-1536,https://www.shorelinelfpseniorcenter.org/,"Monday, Tuesday, Wednesday, Thursday, Friday",8/7/2025,foodbank178
meal,Sound Generations,Sno-Valley Senior Center,open,Older Adults 60+ and Eligible Participants,"4610 Stephens Ave, Carnation, Wa 98014",47.6488782,-121.914727,(425)-333-4152,https://www.snovalleysenior.org/,"Monday, Tuesday, Wednesday, Thursday, Friday",8/5/2025,foodbank179
meal,Sound Generations,Southeast Seattle Senior Center,open,Older Adults 60+ and Eligible Participants,"4655 S Holly St, Seattle, Wa 98118",47.5422737,-122.2729875,(206)-727-6248,https://www.soundgenerations.org/our-programs/food-security/community-dining/,"Monday, Tuesday, Wednesday, Thursday, Friday",8/12/2025,foodbank180
food bank & meal,Sound Generations,West Seattle Senior Center,open,Older Adults 60+ and Eligible Participants,"4217 Sw Oregon St, Seattle, Wa 98116",47.5626975,-122.3864553,(206)-932-4044,https://sc-ws.org/services/food-and-dining/,"Monday, Tuesday, Wednesday, Thursday, Friday",8/5/2025,foodbank181
meal,Sound Generations & SPS,Northgate Community Center,open,Contact Agency for Any Eligibility Requirements,"10510 5Th Ave Ne, Seattle, Wa 98125",47.7054887,-122.3221733,(206)-538-6567,https://www.soundgenerations.org/our-programs/food-security/community-dining/,Tuesday,8/5/2025,foodbank182
meal,Sound Generations & SPS,Yesler Community Center,open,Older Adults 60+ and Eligible Participants,"917 E Yesler Way, Seattle, Wa 98122",47.60151,-122.3202219,(206)-227-8659,https://www.soundgenerations.org/our-programs/food-security/community-dining/,"Monday, Thursday",8/5/2025,foodbank183
meal,YMCA of Greater Seattle - University Family,YMCA of Greater Seattle - University Family,open,Contact Agency for Any Eligibility Requirements,"5003 12Th Ave Ne, Seattle, Wa 98105",47.6653128,-122.3155223,(206)-524-1400,https://www.ymca.org/what-we-do/youth-development/food-programs/summer,"Monday, Tuesday, Wednesday, Thursday, Friday",8/12/2025,foodbank184
meal,Edible Hope Kitchen,St Paul's United Church of Christ,open,General Public,"6512 12Th Ave Nw, Seattle, Wa 98107",47.6704508,-122.3870101,(206)-784-3119,https://www.ediblehopekitchen.org/,"Monday, Tuesday, Wednesday, Thursday, Friday",2/1/2026,foodbank185
food bank,St. Stephen the Martyr Catholic Church,Food Bank,open,Contact Agency for Any Eligibility Requirements,"13055 Se 192Nd St, Renton, Wa 98058",47.4292298,-122.1662234,(253)-631-1940,https://www.ststephenslife.com/food-bank,"Monday, Wednesday, Friday",8/12/2025,foodbank186
meal,Sound Generations,East African Senior Program (RBUFW),open,Older Adults 60+ and Eligible Participants,"5513 S Cloverdale St, Seattle, Wa 98118",47.5261434,-122.2624573,(206)-227-8659,https://www.soundgenerations.org/our-programs/food-security/community-dining/,"Tuesday, Friday",8/5/2025,foodbank187
food bank,The Food Bank @ St. Mary's,The Food Bank @ St. Mary's,open,General Public,"611 20Th Ave S, Seattle, Wa 98144",47.5972377,-122.3065791,(206)-324-7215,https://www.thefbsm.org/services,"Monday, Wednesday, Friday",8/7/2025,foodbank188
meal,The Interfaith Council to Prevent Homelessness (IFCH) Community Meals,Vashon Methodist Church,open,Contact Agency for Any Eligibility Requirements,"17928 Vashon Hwy Sw, Vashon, Wa, 98070",47.444043,-122.4602001,(206)-643-5169,https://ifchvashon.org/,"Monday, Tuesday, Wednesday",8/12/2025,foodbank189
food bank,"The Storehouse, Covington Food Bank",Real Life Church,open,General Public,"26201 180Th Ave Se, Covington, Wa 98042",47.3662588,-122.1027806,(253)-631-3038,https://covingtonstorehouse.org/assistance,"Monday, Friday, Saturday",8/5/2025,foodbank190
food bank,Tilth  Alliance Market Program,South Seattle  - Rainier Beach,open,General Public,"5513 S Cloverdale St, Seattle, Wa 98118",47.5261434,-122.2624573,(206)-633-0451,https://tilthalliance.square.site/,Thursday,8/7/2025,foodbank191
meal,Tolt Congregational United Church of Christ,Tolt Congregational United Church of Christ,open,General Public,"4851 Tolt Ave, Carnation, Wa 98014",47.6505667,-121.9128635,(425)-333-4254,https://toltucc.org/,Wednesday,8/12/2025,foodbank192
meal,Trinity Community Church,Hungry Soul Cafe,open,General Public,"3807 Reith Rd, Kent, Wa 98032",47.3692477,-122.2844903,(253)-852-1044,https://www.facebook.com/JesusatTrinity/,Wednesday,8/5/2025,foodbank193
food bank,Tukwila Pantry,Riverton Park United Methodist Church,open,General Public,"3118 S 140Th St, Tukwila, Washington 98168, United States",47.4784931,-122.2924379,(206)-431-8293,https://tukwilapantry.org/,"Tuesday, Thursday, Saturday",8/7/2025,foodbank194
meal,Ukrainian Community Center,Iraqi Community Center of Washington,open,General Public,"11010 Se 248Th St, Kent, Wa 98030",47.3811974,-122.1937157,(253)-243-7744,https://uccwa.org/,Unknown,8/5/2025,foodbank195
meal,Ukrainian Community Center,Ukrainian Community Center of WA - Federal Way,open,Older Adults 60+ and Eligible Participants,"1430 S 330Th St, Federal Way, Wa 98003",47.3067079,-122.3154071,(425)-430-8229,https://uccwa.org/,Thursday,8/5/2025,foodbank196
meal,Ukrainian Community Center,Ukrainian Community Center of WA - Seattle,open,Older Adults 60+ and Eligible Participants,"13470 Martin Luther King Jr Way S, #5210, Seattle, Wa 98178",47.7240367,-122.3486525,(425)-430-8229,https://uccwa.org/,Tuesday,8/5/2025,foodbank197
meal,United Indians of All Tribes Foundation (UIATF),UIATF Labatyeh Youth Home,open,Older Adults 60+ and Eligible Participants,"9010 13Th Ave Nw, Seattle, Wa 98117",47.6946156,-122.3723726,(206)-285-4425,https://www.unitedindians.org/,Wednesday,8/12/2025,foodbank198
food bank,University District Service League,Magnuson Park Community Food Pantry,open,General Public,"7101  62Nd Ave Ne, Seattle, Wa 98115",47.6805765,-122.262898,(206)-523-7060,https://www.udistrictfoodbank.org/services/magnuson-park-community-food-pantry/,Wednesday,8/5/2025,foodbank199
food bank,University District Service League,University District Food Bank,open,General Public,"5017 Roosevelt Way Ne, Seattle, Wa 98105",47.6655387,-122.3178395,(206)-523-7060,https://www.udistrictfoodbank.org/services/,"Monday, Tuesday, Thursday, Friday",8/7/2025,foodbank200
food bank,Urban Fresh Food Collective of South Park,Duwamish River Community Hub,open,General Public,"8600 14Th Ave S, Seattle, Wa 98108",47.5262667,-122.3147529,Not Available,Not Available,Tuesday,8/5/2025,foodbank201
food bank,Urban Fresh Food Collective of South Park,Duwamish Waterway Park,open,General Public,"7900 10Th Ave Sw, Seattle, Wa 98106",47.5317619,-122.3478091,Not Available,https://cultivatesouthpark.org/mercadito,Saturday,8/5/2025,foodbank202
meal,Urban Fresh Food Collective of South Park,South Park Community Center,open,General Public,"8319 8Th Ave S, Seattle, Wa 98108",47.5284221,-122.3240431,(206)-809-9691,https://www.urbanfreshfoodcollective.org/covid19,"Monday, Wednesday, Thursday",8/5/2025,foodbank203
food bank,Vashon Maury Community Food Bank,Vashon Maury Community Food Bank,open,General Public,"10030 Sw 210Th St, #4, Vashon, Wa 98070",47.4185981,-122.4664519,(206)-463-6332,https://www.vashonfoodbank.org/,"Wednesday, Thursday, Friday",8/12/2025,foodbank204
meal,Vashon Maury Community Food Bank,Vashon Maury Community Food Bank,open,Youth and Young Adults,"17130 Vashon Hwy Sw #1608, Vashon, Wa 98070",47.4007316,-122.4688031,(206)-463-6332,https://www.vashonfoodbank.org/,"Monday, Tuesday, Wednesday, Thursday, Friday",2/1/2025,foodbank205
meal,Victory Outreach Seattle,Victory Outreach Seattle,open,Contact Agency for Any Eligibility Requirements,"824 108Th St Sw, Seattle, Wa  98146",47.5068483,-122.3456315,(206)-244-8184,https://www.voseattle.com/ministries/,Unknown,8/5/2025,foodbank206
food bank,West Seattle Food Bank,West Seattle Food Bank,open,General Public,"3419 Sw Morgan St, Seattle, Wa 98126",47.5444292,-122.3758291,(206)-932-9023,https://www.westseattlefoodbank.org/,"Tuesday, Wednesday, Thursday, Friday",8/5/2025,foodbank207
food bank,White Center Food Bank,White Center Food Bank,open,General Public,"10016 16Th Ave Sw, Seattle, Wa 98146",47.5131743,-122.3548275,(206)-762-2848,https://www.whitecenterfoodbank.org/service-hours,"Monday, Wednesday, Thursday, Friday",8/7/2025,foodbank208
food bank,Woodinville Store House,Woodinville Store House,open,General Public,"17110 140Th Ave Ne, Woodinville, Wa 98072",47.7520872,-122.1518646,(425)-384-9274,https://www.woodinvillestorehouse.org,"Tuesday, Saturday",8/5/2025,foodbank209
meal,Phinney Neighborhood Association,St. John United Lutheran Church,open,General Public,"5515 Phinney Ave N, Seattle, Wa 98103",47.6687125,-122.3548026,(206)-783-2244,https://www.phinneycenter.org/hotmeal/,"Monday, Tuesday, Wednesday",8/12/2025,foodbank210
meal,YouthCare,Orion Center,open,Youth and Young Adults,"1828 Yale Ave, Seattle, Wa 98101",47.6182683,-122.3305192,(206)-622-5555,https://www.youthcare.org/homeless-youth-services/engagement-services/youthcares-orion-center/,"Sunday, Monday, Tuesday, Wednesday, Thursday, Friday, Saturday",8/7/2025,foodbank211
meal,YouthCare,U-District Youth Center,open,Youth and Young Adults,"4516 15Th Ave Ne, Seattle, Wa 98105",47.661853,-122.311609,(206)-622-5555,https://www.youthcare.org/get-help/,"Sunday, Monday, Tuesday, Wednesday, Thursday",8/12/2025,foodbank212
food bank,YWCA,Central Area Food Bank,open,General Public,"2820 E Cherry St, Seattle, Wa 98122",47.608328,-122.2958409,(206)-375-1496,https://www.ywcaworks.org/programs/central-area-food-bank,Wednesday,8/5/2025,foodbank213
food bank,Cultivate South Park,Cultivate South Park,open,General Public,"614 S Riverside Drive, Seattle, Wa 98108",47.5350237,-122.3263116,Not Available,https://www.cultivatesouthpark.org,"Tuesday, Friday",11/5/2025,foodbank214
meal,Vashon Maury Community Food Bank,Vashon Maury Community Food Bank,open,Youth and Young Adults,"10500 Sw 228Th St, Vashon, Wa 98070",47.4007749,-122.4688823,(206)-463-6332,https://www.vashonfoodbank.org/,"Monday, Tuesday, Wednesday, Thursday, Friday",2/1/2025,foodbank215
meal,Vashon Senior Center,Vashon Senior Center,open,Older Adults 55+ Who Have Requested Meals,"10004 Sw Bank Rd, Vashon, Wa 98070",47.4475822,-122.4620178,(206)-463-5173,https://www.vashoncenter.org/lunch-delivery,"Monday, Wednesday, Friday",8/5/2025,foodbank216
food bank,Kent Food Bank and Emergency Services,Birch Creek Apartment,open,General Public,"27360 129Th Place S., Kent, Wa 98030",47.3546154,-122.1695967,(253)-520-3550,https://www.kentfoodbank.org/,Monday,2/1/2026,foodbank217
food bank & meal,Alimentando al Pueblo,Alimentando al Pueblo,open,General Public,"15003 14Th Ave Sw, Burien, Wa 98166",47.468217,-122.3529814,(206)-636-9575,https://www.alimentandoalpueblo.org/,Unknown,2/4/2026,foodbank218
meal,Bakhita Gardens,Bakhita Gardens,open,Contact Agency for Any Eligibility Requirements,"118 Bell St, Seattle, Wa 98121",47.6139347,-122.3459893,(206)-456-3100,https://ccsww.org/services/rose-of-lima-house/,Wednesday,2/4/2026,foodbank219
food bank,Brooklake Church,Brooklake Church,open,General Public,"629 S 356Th St, Federal Way, Wa 98003",47.282046,-122.3256676,(253)-517-8198,https://www.brooklake.org/,"Sunday, Monday, Tuesday, Wednesday, Thursday, Friday",2/4/2026,foodbank220
food bank,Center for MultiCultural Health,Center for MultiCultural Health,open,Contact Agency for Any Eligibility Requirements,"801 25Th Ave, Seattle, Wa 98122",47.609283,-122.3005353,(206)-461-6910,https://www.centerformulticulturalhealth.org/,Friday,2/4/2026,foodbank221
meal,Chief Seattle Club,Chief Seattle Club,open,Contact Agency for Any Eligibility Requirements,"410 2Nd Ave Ext S, Seattle, Wa 98104",47.6012206,-122.3310925,(206)-715-7536,https://www.chiefseattleclub.org/,"Sunday, Monday, Tuesday, Wednesday, Thursday, Friday, Saturday",2/4/2026,foodbank222
food bank,Community Resource Network,Community Resource Network,open,Contact Agency for Any Eligibility Requirements,"14390 Ne 189Th Pl, Woodinville,  Wa 98072",47.7647921,-122.1483885,(425)-481-4497,https://circliving.org/community/greenbrier-senior-apartments/,"Sunday, Monday, Tuesday, Wednesday, Thursday, Friday, Saturday",2/4/2026,foodbank223
food bank,Community Resource Network,Community Resource Network,open,General Public,"14616 35Th Ave Se, Mill Creek,  Wa 98012",47.8647339,-122.1870411,(253)-661-1250,https://www.ourventure.church/kb-programs-events,Monday,2/4/2026,foodbank224
food bank,Community Resource Network,Light House Four Square Church,open,Contact Agency for Any Eligibility Requirements,"15725 Simonds Rd Ne, Kenmore, Wa 98028",47.7430346,-122.2277786,Not Available,https://lighthouse4square.org/,Unknown,2/4/2026,foodbank225
food bank,Community Resource Network,Community Resource Network,open,General Public,"604 Ave C E, Snohomish, Wa 98290",47.9194448,-122.0965079,(360)-568-5886,https://www.mycrossview.com/,"Monday, Wednesday",2/4/2026,foodbank226
food bank,Ember Church,Ember Church,open,General Public,"14434 Ne 8Th St, Bellevue, Wa 98007",47.6176373,-122.1463239,(425)-954-7036,https://emberchurch.org/,"Sunday, Monday",2/4/2026,foodbank227
food bank & meal,For All,For All,open,General Public,"903 E Yesler Wy, Seattle, Wa 98122",47.6011076,-122.3215355,Not Available,https://www.freefoodforall.org/,"Sunday, Saturday",2/4/2026,foodbank228
food bank,Friends of the Children Seattle,Friends of the Children Seattle,open,Contact Agency for Any Eligibility Requirements,"4436 Rainier Ave, Seattle Wa 98118",47.5630626,-122.2875122,(206)-328-3535,http://friendsseattle.org/,Unknown,2/4/2026,foodbank229
meal,Hunger Intervention Program,Aki Kurose Village,open,Contact Agency for Any Eligibility Requirements,"11506 Stone Ave N, Seattle, Wa 98133",47.7127728,-122.3415655,(206)-538-6567,https://hungerintervention.org/,Unknown,2/4/2026,foodbank230
meal,Hunger Intervention Program,Lamb of God Lutheran Church,open,Contact Agency for Any Eligibility Requirements,"12509 27Th Ave Ne, Seattle, Wa 98125",47.7196732,-122.2996593,(206)-538-6567,https://hungerintervention.org/,Unknown,2/4/2026,foodbank231
meal,Hunger Intervention Program,Lake City Court,open,Contact Agency for Any Eligibility Requirements,"12536 33Rd Ave Ne, Seattle, Wa 98125",47.7203805,-122.2917535,(206)-538-6567,https://hungerintervention.org/,Unknown,2/4/2026,foodbank232
meal,Hunger Intervention Program,Hunger Intervention Program,open,Contact Agency for Any Eligibility Requirements,"3841 Ne 123Rd St Seattle, Wa 98122",47.717042,-122.2857324,(206)-538-6567,https://hungerintervention.org/,Unknown,2/4/2026,foodbank233
food bank,ICNA Relief,ICNA Relief,open,General Public,"6721 Martin Luther King Jr Way S, Seattle, Wa 98118",47.541886,-122.284044,(206)-695-2080,https://icnarelief.org/washington/,Thursday,2/4/2026,foodbank234
food bank,IHCGM,IHCGM,open,Contact Agency for Any Eligibility Requirements,"30815 B  Pacific Highway S, Federal Way, Wa 98003",47.3254052,-122.3139776,(206)-592-2626,Not Available,Thursday,2/4/2026,foodbank235
food bank & meal,Iu Mien American Association (IMAA),Iu Mien American Association (IMAA),open,General Public,"126 Logan Ave S, Renton, Wa 98057",47.481806,-122.2087821,(206)-723-6834,https://imaa-seattle.org/,Friday,2/4/2026,foodbank236
food bank,King of Kings Foodbank,King of Kings Foodbank,open,General Public,"18207 108Th Ave Se Renton, Wa 98055",47.4391217,-122.1979638,(425)-226-1480,https://www.king-of-kings.org/,"Monday, Tuesday, Wednesday, Saturday",2/4/2026,foodbank237
food bank,Lutheran Community Services NW,Lutheran Community Services NW,open,General Public,"4040 S 188Th St, Suite 100, Seatac, Wa 98188",47.4347675,-122.2824819,(206)-901-1685,https://www.lcsnw.org/,Thursday,2/4/2026,foodbank238
food bank,NW Life Foundation,NW Life Foundation,open,Youth and Young Adults,"13120 Se 192Nd St, Renton, Wa 98058",47.4309146,-122.1659094,(253)-638-8470,https://nwlifefoundation.com/,"Tuesday, Wednesday, Thursday, Friday",2/4/2026,foodbank239
meal,"Operation Sack Lunch, Inc.",OSL,open,General Public,"115 S Brandon St, Seattle, Wa 98108",47.5539241,-122.3331017,(206)-347-6629,https://www.oslserves.org/,Unknown,2/4/2026,foodbank240
meal,"Operation Sack Lunch, Inc.",YWCA Opportunity Place,open,Contact Agency for Any Eligibility Requirements,"2024 3Rd Ave, Seattle, Wa 98121",47.6130256,-122.3415787,(206)-347-6629,https://www.oslserves.org/,Unknown,2/4/2026,foodbank241
meal,"Operation Sack Lunch, Inc.",OSL,open,General Public,"3841 Ne 123Rd St, Seattle, Wa 98125",47.717042,-122.2857324,(206)-347-6629,https://www.oslserves.org/,Wednesday,2/4/2026,foodbank242
meal,"Operation Sack Lunch, Inc.",OSL,open,Contact Agency for Any Eligibility Requirements,"700 Virginia St, Seattle, Wa 98101",47.6153602,-122.3374101,(206)-347-6629,https://www.oslserves.org/,"Monday, Tuesday, Wednesday, Thursday, Friday",2/4/2026,foodbank243
food bank,Pacific Islander Community Association,Pacific Islander Community Association,open,General Public,"33710 9Th Ave S, Federal Way, Wa 98003",47.2994051,-122.3220645,(206)-686-5221,https://www.picawa.org/,Thursday,2/4/2026,foodbank244
food bank,Praisealujah,Praisealujah,open,General Public,"13609 1St Ave S, Burien, Wa 98168",47.4809242,-122.3370002,(206)-251-8971,https://praisealujah.org/community-based-services,Sunday,2/5/2026,foodbank245
food bank,Praisealujah,Praisealujah,open,General Public,"20832 International Blvd, Seatac, Wa 98198",47.4144935,-122.2965291,(206)-251-8971,https://praisealujah.org/community-based-services,Saturday,2/5/2026,foodbank246
food bank,Praisealujah,Praisealujah,open,General Public,"25440 Pacific Hwy S, Kent, Wa 98032",47.3729828,-122.2999657,Not Available,Not Available,Unknown,2/5/2026,foodbank247
food bank,Praisealujah,Freedom Church of Seattle,open,General Public,"7817 S 125Th St, Seattle, Wa 98178",47.4904973,-122.2347174,Not Available,https://freedomchurchofseattle.weebly.com/,Unknown,2/5/2026,foodbank248
food bank,Praisealujah,North Hill Christian Church,open,General Public,"908 S 200Th St, Des Moines, Wa 98198",47.4234868,-122.3228325,(206)-878-4740,https://www.northhillchristian.org/free-food-friday/,Friday,2/5/2026,foodbank250
meal,Rainier Vista Boys & Girls Club,Rainier Vista Boys & Girls Club,open,Youth and Young Adults,"4520 Mlk Wy, Seattle, Wa 98108",47.5626423,-122.2937256,(206)-436-1890,https://positiveplace.org/clubs/smilow-rainier-vista,Unknown,2/5/2026,foodbank251
meal,Renton Technical College,Renton Technical College,open,Contact Agency for Any Eligibility Requirements,"3000 Ne 4Th St, Renton, Wa 98056",47.4892601,-122.1762473,(425)-235-2352,https://www.rtc.edu/,Unknown,2/5/2026,foodbank252
food bank,Restore and Repair Outreach,Restore and Repair Outreach,open,General Public,"12629 Renton Ave S  Suite F, Seattle, Wa 98178",47.4904151,-122.239492,(206)-650-9649,https://www.restorerepairmissionaryoutreach.org/,"Wednesday, Friday",2/5/2026,foodbank253
food bank,Skykomish,Skykomish,open,General Public,"108 W Old Cascade Hwy, Skykomish, Wa 98288",47.7088797,-121.3764638,(206)-399-2687,https://skykomishfoodbank.org/,Friday,2/5/2026,foodbank254
meal,St. Dunstan's Episcopal Church,St. Dunstan's Episcopal Church,open,General Public,"722 N 145Th St, Shoreline, Wa 98133",47.7347114,-122.349521,(206)-363-4319,https://sdchp.org/,Tuesday,2/5/2026,foodbank255
meal,St. Martin De Porres Shelter,St. Martin De Porres Shelter,open,Contact Agency for Any Eligibility Requirements,"1561 Alaskan Way S, Seattle, Wa 98134",47.5885034,-122.3385348,(206)-323-6341,https://www.ccsww.org/stmartin,"Sunday, Monday, Tuesday, Wednesday, Thursday, Friday, Saturday",2/5/2026,foodbank256
meal,St. James Cathedral,Cathedral Kitchen,open,General Public,"804 9Th Ave, Seattle, Wa 98104",47.607646,-122.3259157,(206)-264-2091,https://www.stjames-cathedral.org/outreach/kitchen.aspx,"Monday, Tuesday, Wednesday, Thursday, Friday",8/12/2025,foodbank257
meal,Sound Generations,South Park Senior Citizens,open,Older Adults 55+ and Eligible Participants,"8201 10Th Ave S, Seattle, Wa 98108",47.5296153,-122.320528,(206)-909-0346,https://www.spseniors.org/,"Monday, Wednesday, Friday",8/5/2025,foodbank258
food bank,Urban Food Systems Pact,Urban Food Systems Pact,open,General Public,"12643 Renton Ave S Seattle, Wa 98178",47.4900561,-122.2389931,(425)-728-0455,https://app.vomo.org/org/urban-food-systems-pact/profile,Unknown,2/5/2026,foodbank259
meal,Vedic Cultural Center,Vedic Cultural Center,open,Contact Agency for Any Eligibility Requirements,"13668 Se Eastgate Way, Bellevue Wa 98005",47.5809349,-122.1583137,(425)-452-6800,https://bellevuewa.gov/city-government/departments/city-managers-office/office-housing/homelessness-bellevue/eastside-mens-shelter,"Sunday, Monday, Tuesday, Wednesday, Thursday, Friday, Saturday",2/5/2026,foodbank260
meal,Vedic Cultural Center,Vedic Cultural Center,open,General Public,"1420 228Th Ave Se, Sammamish, Wa 98075",47.5963216,-122.0345073,(206)-979-8002,https://vedicculturalcenter.org/,"Sunday, Saturday",2/5/2026,foodbank261
meal,Vedic Cultural Center,Vedic Cultural Center,open,Contact Agency for Any Eligibility Requirements,"16305 Ne 87Th St, Suite 110 Redmond, Wa 98052",47.6794762,-122.1223595,Not Available,Not Available,Unknown,2/5/2026,foodbank262
meal,Vedic Cultural Center,Vedic Cultural Center,open,Contact Agency for Any Eligibility Requirements,"5034 University Way Ne Seattle, Wa 98105",47.6660333,-122.3126175,Not Available,Not Available,Unknown,2/5/2026,foodbank263
meal,West African Community Council,West African Community Council,open,Contact Agency for Any Eligibility Requirements,"6322 44Th Ave S, Seattle, Wa 98118",47.5453084,-122.2778957,Not Available,https://www.waccofseattle.org/,"Monday, Tuesday, Wednesday, Thursday, Friday",2/5/2026,foodbank264
meal,YMCA of Greater Seattle,YMCA of Greater Seattle,open,Contact Agency for Any Eligibility Requirements,"909 4Th Ave, Seattle, Wa, Seattle, 98104",47.6054636,-122.3327052,Not Available,https://www.seattleymca.org/social-impact-center/youth-young-adults/drop-in-services,"Sunday, Monday, Tuesday, Wednesday, Thursday, Friday, Saturday",2/5/2026,foodbank265
meal,YMCA of Greater Seattle,POPYs Caf�,open,General Public,"4514 20Th Ave Ne, Shoreline, Wa 98155",47.734046,-122.3070896,Not Available,https://www.seattleymca.org/blog/supporting-our-community-during-time-increased-food-insecurity,Wednesday,2/5/2026,foodbank266
meal,YMCA of Greater Seattle,Pantry of Hope,open,General Public,"10828 Se 248Th St, Kent, Wa 98030",47.3797615,-122.1953258,Not Available,https://www.seattleymca.org/blog/supporting-our-community-during-time-increased-food-insecurity,Friday,2/5/2026,foodbank267
