"Food Resource Type","Agency","Location","Operational Status","Who They Serve","Address","Latitude","Longitude","Phone Number","Website","Days/Hours","Date Updated"
"Food Bank","Algona/Pacific Food Pantry","Algona/Pacific Food Pantry - Food Distribution Center","Open","General Public","603 3rd Ave SE, Pacific, WA 98047","47.265011","-122.236771","(253)-351-0450","https://networks.whyhunger.org/organisation/41599","Tuesday","7/22/2025"
"Food Bank & Meal","Asian Counseling and Referral Service (ACRS)","ACRS Food Bank and Meals","Open","General Public","800 S Weller St, Seattle, WA 98004","47.5843633","-122.3303783","(206)-695-7510","https://acrs.org/services/aging-services-for-older-adults/acrs-food-bank/","Wednesday, Friday","8/7/2025"
"Meal","Asian Counseling and Referral Service (ACRS)","Club Bamboo and Hmong Senior Club","Open","Older Adults 60+ and Eligible Participants","3639 Martin Luther King Jr Way S, Seattle, WA 98144","47.570897","-122.2973881","(206)-695-7510","https://www.acrs.org/services/aging-services-for-older-adults/senior-lunch-programs/","Monday, Tuesday, Wednesday, Thursday, Friday","8/7/2025"
"Meal","Asian Counseling and Referral Service (ACRS)","Duoc Su Senior Nutrition Program","Open","Older Adults 60+ and Eligible Participants","6924 42nd Ave S , Seattle, WA 98118","47.5400001","-122.2803173","(206)-695-7510","https://www.acrs.org/services/aging-services-for-older-adults/senior-lunch-programs/","Saturday","7/21/2025"
"Meal","Asian Counseling and Referral Service (ACRS)","Friendly Island of Tonga Seniors","Open","Older Adults 60+ and Eligible Participants","4620 SW Graham St, Seattle, WA 98136","47.546979","-122.3922666","(206)-695-7510","https://www.acrs.org/services/aging-services-for-older-adults/senior-lunch-programs/",,"7/22/2025"
"Meal","Asian Counseling and Referral Service (ACRS)","Kent Memorial Park (Nepali and Samoan Meal Program)","Open","Older Adults 60+ and Eligible Participants","850 Central Ave N, Kent, WA 98032","47.3901637","-122.2304706","(253)-856-5000","https://www.kentwa.gov/Home/Components/FacilityDirectory/FacilityDirectory/250/318",,"7/22/2025"
"Meal","Asian Counseling and Referral Service (ACRS)","Korean Senior Club Miller Community Center","Open","Older Adults 60+ and Eligible Participants","330 19th Ave E, Seattle, WA, 98122","47.6219158","-122.3069784","(206)-695-7510","https://www.acrs.org/services/aging-services-for-older-adults/senior-lunch-programs/","Tuesday, Friday","8/7/2025"
"Meal","Asian Counseling and Referral Service (ACRS)","Fillipino American Community of Puget Sound","Open","Older Adults 60+ and Eligible Participants","103 6th Ave N, Algona, WA 98001",,,"(206)-695-7510","https://www.acrs.org/services/aging-services-for-older-adults/senior-lunch-programs/","Thursday","7/21/2025"
"Meal","Asian Counseling and Referral Service (ACRS)","Nepali Wellness","Open","Older Adults 60+ and Eligible Participants","25720 104th Ave SE, Kent, WA 98030",,,"(206)-695-7510","https://www.acrs.org/services/aging-services-for-older-adults/senior-lunch-programs/","Tuesday","7/21/2025"
"Meal","Asian Counseling and Referral Service (ACRS)","Filipino Community of Seattle","Open","Older Adults 60+ and Eligible Participants","5740 Martin Luther King Jr Way S, Seattle, WA 98118","47.5500465","-122.2871358","(206)-695-7510","https://www.acrs.org/services/aging-services-for-older-adults/senior-lunch-programs/","Monday, Tuesday, Thursday, Friday","7/21/2025"
"Meal","Asian Counseling and Referral Service (ACRS)","Seattle Korean Elders Association Center Park","Open","Older Adults 60+ and Eligible Participants","2121 26th Ave S, Seattle, WA 98144","47.5842083","-122.2996639","(206)-695-7510","https://www.acrs.org/services/aging-services-for-older-adults/senior-lunch-programs/","Tuesday, Friday","7/21/2025"
"Meal","Asian Counseling and Referral Service (ACRS)","Vietnamese Senior Association Garfield Community Center","Open","Older Adults 60+ and Eligible Participants","2323 E Cherry St, Seattle, WA 98112","47.6076951","-122.3021127","(206)-695-7510","https://www.acrs.org/services/aging-services-for-older-adults/senior-lunch-programs/","Tuesday, Friday","7/21/2025"
"Meal","Asian Counseling and Referral Service (ACRS)","Pyung An Seniors Academy","Open","Older Adults 60+ and Eligible Participants","526 12th St SE, Auburn, WA 98002",,,"(206)-695-7510","https://www.acrs.org/services/aging-services-for-older-adults/senior-lunch-programs/","Monday, Tuesday, Thursday","7/21/2025"
"Meal","Atrium Kitchen","Atrium Kitchen","Open","Older Adults 60+ and Eligible Participants","93 Pike St, Suite 101, Seattle, WA 98101","47.608632","-122.3401409","(206)-829-9525","https://www.atriumkitchenpikeplace.com/","Thursday","8/12/2025"
"Food Bank","Auburn Food Bank","Auburn Food Bank","Open","General Public","2804 Auburn Way N, Auburn, WA 98002","47.332001","-122.2211517","(253)-833-8925","https://www.theauburnfoodbank.org/food","Monday, Tuesday, Thursday, Friday","8/7/2025"
"Meal","Aurora Commons","Aurora Commons","Open","General Public","8914 Aurora Ave N, Seattle, WA 98103","47.6938816","-122.3442384","(206)-299-2278","https://www.auroracommons.org/","Monday, Tuesday, Wednesday, Thursday","8/12/2025"
"Food Bank","Ballard Food Bank","Ballard Food Bank","Open","General Public","1400 Leary Way NW, Seattle, WA 98107","47.66404713","-122.3740701","(206)-789-7800","https://www.ballardfoodbank.org/","Monday, Tuesday, Wednesday, Thursday","8/12/2025"
"Food Bank & Meal","Bethany Community Church","Bethany Food Bank at Green Lake","Open","General Public","8023 Green Lake Dr N, Seattle, WA 98103","47.6873209","-122.3411453","(206)-524-9000","https://www.churchbcc.org/missions/localmissions","Monday","7/22/2025"
"Food Bank & Meal","Blessed Sacrament","First United Methodist Church of Seattle","Open","General Public","5050 8th Ave NE, Seattle, WA 98105","47.6664368","-122.3190289","(206)-547-3020","https://www.blessed-sacrament.org/outreach","Sunday, Friday","8/12/2025"
"Meal","Bread of Life Mission","Bread of Life Mission","Open","General Public","97 S Main St, Seattle, WA 98104","47.5999268","-122.334605","(206)-682-3579","https://www.breadoflifemission.org/emergency-services","Monday, Tuesday, Wednesday, Thursday, Friday","8/7/2025"
"Food Bank","Byrd Barr Place","The Market","Open","General Public","722 18th Ave, Seattle, WA 98122","47.6088532","-122.3085629","(206)-812-4940","https://www.byrdbarrplace.org/programs-services/food-bank/","Tuesday, Wednesday, Thursday","7/22/2025"
"Meal","Catholic Community Services of  Western Washington","African American Catholic Community Services","Open","Older Adults 60+ and Eligible Participants","1323 S Yakima Ave, Tacoma, WA 98401",,,"(253)-383-3697","https://ccsww.org/services/meal-sites/","Thursday","7/21/2025"
"Meal","Catholic Community Services of  Western Washington","Eatonville Senior Center","Open","Older Adults 60+ and Eligible Participants","305 W Center St, Eatonville, WA 98328",,,"(360)-832-3838","https://ccsww.org/services/meal-sites/","Monday, Wednesday, Friday","8/12/2025"
"Meal","Catholic Community Services of  Western Washington","Fife Community Center","Open","Older Adults 60+ and Eligible Participants","2111 54th Ave E, Fife, WA 98424",,,"(253)-896-8662","https://ccsww.org/services/meal-sites/","Wednesday, Friday","8/12/2025"
"Meal","Catholic Community Services of  Western Washington","Gig Harbor Peninsula Lutheran Church","Open","Older Adults 60+ and Eligible Participants","6509 38th Ave NW, Gig Harbor, WA 98335",,,"(253)-851-3511","https://ccsww.org/services/meal-sites/","Monday, Wednesday","8/12/2025"
"Meal","Catholic Community Services of  Western Washington","Japanese Tillicum Community Center","Open","Older Adults 60+ and Eligible Participants","14916 Washington, Tillicum, WA 98499",,,"(253)-584-1280","https://ccsww.org/services/meal-sites/","Wednesday","8/12/2025"
"Meal","Catholic Community Services of  Western Washington","Lakewood Catholic Community Services","Open","Older Adults 60+ and Eligible Participants","5705 Main St SW, Lakewood, WA 98499",,,"(253)-474-1200","https://ccsww.org/services/meal-sites/","Monday, Tuesday","8/12/2025"
"Meal","Catholic Community Services of  Western Washington","Lighthouse","Open","Older Adults 60+ and Eligible Participants","5016 S A St, Tacoma, WA 98408",,,"(253)-591-5083 & (253)-426-1282","https://ccsww.org/services/meal-sites/","Monday, Tuesday, Wednesday, Thursday, Friday","8/12/2025"
"Meal","Catholic Community Services of  Western Washington","Parkland Trinity Lutheran Church","Open","Older Adults 60+ and Eligible Participants","12115 Park Ave S, Parkland, WA 98444",,,"(253)-537-0201","https://ccsww.org/services/meal-sites/","Monday, Friday","8/12/2025"
"Meal","Catholic Community Services of  Western Washington","Tacoma Portland Ave Community Center","Open","Older Adults 60+ and Eligible Participants","3513 E Portland Ave, Tacoma, WA 98408",,,"(253)-591-5391","https://ccsww.org/services/meal-sites/","Tuesday, Thursday","8/12/2025"
"Meal","Catholic Community Services of  Western Washington","Puyallup Activity Center","Open","Older Adults 60+ and Eligible Participants","210 W Pioneer, Puyallup, WA 98371",,,"(253)-841-5447","https://ccsww.org/services/meal-sites/","Monday, Wednesday, Friday","8/12/2025"
"Meal","Catholic Community Services of  Western Washington","Ruston Pt. Defiance Senior Center","Open","Older Adults 60+ and Eligible Participants","4716 N Baltimore, Tacoma, WA 98407",,,"(253)-756-0601","https://ccsww.org/services/meal-sites/","Monday, Tuesday, Wednesday, Thursday","8/12/2025"
"Meal","Catholic Community Services of  Western Washington","Steilacoom Senior Center","Open","Older Adults 60+ and Eligible Participants","2301 Worthington, Steilacoom, WA 98388",,,"(253)-581-1076","https://ccsww.org/services/meal-sites/","Tuesday, Wednesday, Friday","8/12/2025"
"Meal","Catholic Community Services of  Western Washington","Sumner Senior Center","Open","Older Adults 60+ and Eligible Participants","15506 62nd St, East Sumner, WA 98390",,,"(253)-299-5736","https://ccsww.org/services/meal-sites/","Monday, Tuesday, Wednesday, Thursday, Friday, Saturday","8/12/2025"
"Meal","Catholic Community Services of  Western Washington","Tillicum Community Center","Open","Older Adults 60+ and Eligible Participants","14916 SW Washington, Tillicum, WA 98499",,,"(253)-584-12880","https://ccsww.org/services/meal-sites/","Monday, Thursday","8/12/2025"
"Meal","Catholic Community Services of  Western Washington","University Place Senior Center","Open","Older Adults 60+ and Eligible Participants","2534 Grandview Dr W, University Place, WA 98466",,,"(253)-564-1992","https://ccsww.org/services/meal-sites/","Friday","8/12/2025"
"Food Bank & Meal","Catholic Community Services of  Western Washington","Federal Way Senior Center","Open","Older Adults 60+ and Eligible Participants","4016 S 352nd St, Auburn, WA 98001","47.2867569","-122.2862589","(253)-838-3604","https://www.federalwayseniorcenter.org","Monday, Thursday","8/12/2025"
"Meal","Catholic Community Services of  Western Washington","Issaquah Senior Center","Open","Older Adults 60+ and Eligible Participants","180 E Sunset Way, Issaquah, WA 98207","47.5311594","-122.0331071","(425)-679-0342","https://ccsww.org/services/issaquah-meals/","Monday, Tuesday, Wednesday, Thursday, Friday","8/12/2025"
"Meal","Catholic Community Services of  Western Washington","North Bellevue Community Center","Open","Older Adults 60+ and Eligible Participants","4063 148th Ave NE, Bellevue, WA 98007","47.647434","-122.1450803","(425)-452-7681","https://www.bellevuewa.gov/city-government/departments/parks/community-centers/north-bellevue-community-center","Monday, Tuesday, Wednesday, Friday","7/21/2025"
"Meal","Catholic Community Services of  Western Washington","Pacific/Algona Senior Center","Open","Older Adults 60+ and Eligible Participants","100 3rd Ave SW, Pacific, WA 98047","47.2642772","-122.2536081","(253)-929-1150","https://www.pacificwa.gov/","Monday, Tuesday, Wednesday, Thursday, Friday","8/12/2025"
"Meal","Catholic Community Services of  Western Washington","Peter Kirk Community Center","Open","Older Adults 60+ and Eligible Participants","352 Kirkland Ave, Kirkland, WA 98033","47.67621","-122.201035","(425)-587-3360","https://www.kirklandwa.gov/depart/parks/About_Parks_and_Community_Services/Senior_Services.htm","Tuesday, Wednesday, Friday","7/21/2025"
"Meal","Catholic Community Services of  Western Washington","Phoenix Center","Open","Contact Agency for Any Eligibility Requirements","2329 Rainier Ave S, Seattle, WA 98144","47.5822614","-122.3015923","(206)-623-7219","https://www.ccsww.org/get-help/shelter-homeless-services/lazarus-center/","Sunday, Monday, Tuesday, Wednesday, Thursday, Friday, Saturday","8/12/2025"
"Food Bank","Catholic Community Services of  Western Washington","Snoqualmie Valley Food Bank","Open","Older Adults 60+ and Eligible Participants","31605 3rd Ave, Black Diamond, WA 98010","47.3183476","-122.0054494","(360)-886-1011","https://www.blackdiamondcommcenter.org/","Monday, Tuesday, Wednesday, Thursday","7/25/2025"
"Meal","Catholic Community Services of  Western Washington","Victory Outreach Seattle","Open","Older Adults 60+ and Eligible Participants","2045 S 216th St, Des Moines, WA 98198","47.4072518","-122.3057897","(206)-878-1642","https://www.desmoineswa.gov/cms/one.aspx?pageId=17490998","Monday, Tuesday, Wednesday, Thursday","8/7/2025"
"Meal","Catholic Community Services of  Western Washington","Eastside Community Centr","Open","Older Adults 60+ and Eligible Participants","1721 E 56th St, Tacoma, WA 98404",,,"(253)-404-3935","https://ccsww.org/services/meal-sites/","Tuesday, Thursday","7/21/2025"
"Meal","Catholic Community Services of  Western Washington","Tacoma Beacon Senior Center","Open","Older Adults 60+ and Eligible Participants","415 S 13th, Tacoma, WA 98402",,,"(253)-591-5083","https://ccsww.org/services/meal-sites/","Monday, Tuesday, Wednesday, Thursday, Friday","8/12/2025"
"Meal","Catholic Community Services of  Western Washington","Buckley Senior Center","Open","Older Adults 60+ and Eligible Participants","811 Main St, Buckley, WA 98321",,,"(360)-829-0190","https://ccsww.org/services/meal-sites/","Monday, Wednesday, Friday","8/12/2025"
"Meal","Catholic Community Services of Western Washington & SPS","Tukwila Community Center","Open","Contact Agency for Any Eligibility Requirements","12424 42nd Ave S, Tukwila, WA 98168","47.4910151","-122.2785589","(206)-768-2822","https://ccsww.org/services/meal-sites/",,"8/12/2025"
"Food Bank & Meal","Plateau Outreach Ministries","Enumclaw Food Bank","Open","Contact Agency for Any Eligibility Requirements","1720 1/2 Wells St, Enumclaw, WA 98022","47.20533037","-121.990026","(360)-825-8961","https://www.plateauoutreach.org/","Monday, Tuesday, Wednesday","2/2/2026"
"Food Bank","Cedar Park Kenmore Church","Kenmore Food Bank","Open","General Public","18737 68th Ave NE, Kenmore, WA 98028","47.765377","-122.2498724","(425)-939-1377","https://cpkenmore.com/food-bank","Monday","7/25/2025"
"Meal","Church By The Side Of The Road","Church By the Side of the Road","Open","General Public","3455 S 148th St, Tukwila, WA 98168","47.469863","-122.2871757","(206)-243-5024","https://www.cbsr.org/","Tuesday","8/12/2025"
"Meal","Community Lunch on Capitol Hill","All Pilgrims Christian Church","Open","Contact Agency for Any Eligibility Requirements","509 10th Ave E, Seattle, WA 98102","47.623387","-122.320142","(206)-972-2524","https://www.communitylunch.org/about-1","Monday, Tuesday, Wednesday, Thursday, Friday","7/21/2025"
"Meal","Community Lunch on Capitol Hill","All Pilgrims Christian Church","Open","General Public","500 Broadway E, Seattle, WA 98102","47.6233603","-122.3203773","(206)-972-2524","https://www.communitylunch.org/about-1","Monday, Tuesday, Wednesday, Thursday, Friday","7/25/2025"
"Meal","Community Network Council","Community Network Council","Open","General Public","1819 Central Ave S, Suite 72, Kent, WA 98032","47.362482","-122.2307681","N/A","https://wacnc.org/meals-for-neighbors-program/","Tuesday, Thursday","8/13/2025"
"Meal","Des Moines Area Food Bank","Abbey Ridge Apartments","Open","Youth and Young Adults","3035 S 204th St, SeaTac, WA 98198",,,"(206)-878-2660","https://www.myfoodbank.org/meals-for-kids.html","Monday, Tuesday, Wednesday, Thursday, Friday","8/12/2025"
"Meal","Des Moines Area Food Bank","Angle Lake Park","Open","Youth and Young Adults","19408 International Blvd, SeaTac, WA 98188","47.42802993","-122.2928406","(206)-878-2660","https://www.myfoodbank.org/meals-for-kids.html","Monday, Tuesday, Wednesday, Thursday, Friday","8/7/2025"
"Meal","Des Moines Area Food Bank","Des Moines Field House","Open","Youth and Young Adults","1000 S 220th St, Des Moines, WA 98198","47.4049627","-122.3208554","(206)-878-2660","https://www.myfoodbank.org/meals-for-kids.html","Monday, Wednesday, Friday","8/11/2025"
"Meal","Des Moines Area Food Bank","Des Moines Marina Farmers Market","Open","Youth and Young Adults","22307 Dock Ave S, Des Moines, WA 98198","47.4018118","-122.3294018","(206)-878-2660","https://www.myfoodbank.org/meals-for-kids.html","Saturday","8/7/2025"
"Food Bank","Des Moines Area Food Bank","Des Moines United Methodist Church","Open","General Public","22225 9th Ave S, Des Moines, WA 98198","47.4022373","-122.3224371","(206)-878-2660","https://www.myfoodbank.org/services.html","Monday, Tuesday, Wednesday, Friday","8/11/2025"
"Meal","Des Moines Area Food Bank","Lakeview Park","Open","Youth and Young Adults","422 SW 160th St, Burien, WA 98166",,,"(206)-878-2660","https://www.myfoodbank.org/meals-for-kids.html","Monday","8/12/2025"
"Meal","Des Moines Area Food Bank","McMicken Park","Open","Youth and Young Adults","S 166th St & 37th Ave S, SeaTac, WA 98188","47.47755124","-122.2852127","(206)-878-2660","https://www.myfoodbank.org/meals-for-kids.html","Monday, Tuesday, Wednesday, Thursday, Friday","8/7/2025"
"Meal","Des Moines Area Food Bank","Midway Park","Open","Youth and Young Adults","S 221st St & 29th Ave S, Des Moines, WA 98198","47.4036369","-122.2982037","(206)-878-2660","https://www.myfoodbank.org/meals-for-kids.html","Monday, Tuesday, Wednesday, Thursday, Friday","7/25/2025"
"Meal","Des Moines Area Food Bank","Pine Ridge Apartments","Open","Youth and Young Adults","3725 S 180th St, SeaTac, WA 98188","47.4409849","-122.2885294","(206)-878-2660","https://www.myfoodbank.org/meals-for-kids.html","Monday, Tuesday, Wednesday, Thursday, Friday","8/12/2025"
"Meal","Des Moines Area Food Bank","Redondo Beach Park","Open","Youth and Young Adults","Redondo Beach Dr S and Redondo Way S, Des Moines, WA 98198","47.34855775","-122.3250986","(206)-878-2660","https://www.myfoodbank.org/meals-for-kids.html","Monday, Tuesday, Wednesday, Thursday, Friday","8/7/2025"
"Meal","Des Moines Area Food Bank","Steve Cox Memorial Park","Open","Youth and Young Adults","1321 SW 102nd�St, Seattle, WA 98146",,,"(206)-878-2660","https://www.myfoodbank.org/meals-for-kids.html","Monday, Tuesday, Wednesday, Thursday, Friday","8/12/2025"
"Meal","Des Moines Area Food Bank","Underwood Park","Open","Youth and Young Adults","20th Ave S, Des Moines, WA 98198",,,"(206)-878-2660","https://www.myfoodbank.org/meals-for-kids.html","Monday, Tuesday, Wednesday, Thursday, Friday","8/12/2025"
"Meal","Des Moines Area Food Bank","Valley Ridge Park","Open","Youth and Young Adults","4644 S 188th St, SeaTac, WA 98188",,,"(206)-878-2660","https://www.myfoodbank.org/meals-for-kids.html","Monday, Tuesday, Wednesday, Thursday, Friday","8/12/2025"
"Meal","Des Moines Area Food Bank","Valley View Library","Open","Youth and Young Adults","17850 Military Rd S, SeaTac, WA 98188",,,"(206)-878-2660","https://www.myfoodbank.org/meals-for-kids.html","Monday, Tuesday, Wednesday, Thursday, Friday","8/12/2025"
"Meal","Des Moines Area Food Bank","Willow Lake Apartments","Open","Youth and Young Adults","3002 32nd Ave S, SeaTac, WA 98188","47.444696","-122.2941207","(206)-878-2660","https://www.myfoodbank.org/meals-for-kids.html","Monday, Tuesday, Wednesday, Thursday, Friday","7/21/2025"
"Meal","Des Moines Area Food Bank","Windsor Heights Apartments","Open","Youth and Young Adults","17229 32nd Ave S, SeaTac, WA 98188","47.448479","-122.2956636","(206)-878-2660","https://www.myfoodbank.org/meals-for-kids.html","Monday, Tuesday, Wednesday, Thursday, Friday","7/21/2025"
"Food Bank & Meal","El Centro de la Raza","El Centro de la Raza","Open","Food Bank: General Public 
Meals: Older Adults 60+ and Eligible Participants","2524 16th Ave S, Seattle, WA 98144","47.5805157","-122.3113797","(206)-957-4605","https://www.elcentrodelaraza.org/get-help/human-emergency-services/food-bank/","Wednesday, Thursday, Friday","7/21/2025"
"Food Bank","Epic Church","The Giving Room","Open","General Public","10510 Stone Ave N, Seattle, WA 98133","47.7052676","-122.3416573","(206)-552-9586","https://www.epiclifechurch.org/incarnational-ministry","Monday","8/12/2025"
"Food Bank & Meal","Eritrean Association in Greater Seattle","Eritrean Association in Greater Seattle","Open","Older Adults 60+ and Eligible Participants","1954 S Massachusetts St, Seattle, WA 98144","47.58918453","-122.3072811","(206)-548-6387","https://www.eritreanassociation.org/programs-blog/blog-post-title-four-thpy4",,"8/7/2025"
"Food Bank","Fall City Community Food Pantry","Fall City United Methodist Church","Open","General Public","4326 337th Place SE, Fall City, WA 98024","47.5662398","-121.8906809","(425)-269-8098","https://www.fallcityfoodpantry.org/what-we-do-1","Wednesday","8/7/2025"
"Food Bank","Salvation Army","Greenwood Food Bank - Hope Market","Open","General Public","9501 Greenwood Ave N, Seattle, WA 98103","47.6984899","-122.3557886","N/A","https://seattletemple.salvationarmy.org/seattle_temple_corps/greenwood-food-bank-1/","Tuesday, Wednesday","11/5/2025"
"Food Bank","FamilyWorks","Wallingford Food Bank","Open","General Public","4318 Stone Way N, Seattle, WA 98103","47.6597609","-122.3444542","(206)-647-1780","https://www.familyworksseattle.org/food-banks/","Tuesday, Thursday, Friday","11/5/2025"
"Meal","Federal Way Community Caregiving Network","Christian Faith Center","Open","General Public","33645 20th Ave S,�Federal Way, WA 98003","47.2987135","-122.3086459","(253)-661-0505","https://www.fwccn.org/services.html","Monday","8/12/2025"
"Meal","Federal Way Community Caregiving Network","St. Vincent de Paul Catholic Church","Open","General Public","345 S 312th, Federal Way, WA 98003","47.2987135","-122.3086459","(253)-661-0505","https://www.fwccn.org/services.html","Saturday","7/25/2025"
"Food Bank","Federal Way Food Bank","Multi-Service Center","Open","General Public","�27614 Pacific Highway S, Federal Way, WA 98003","47.3013527","-122.320142","(253)-838-6810","https://mschelps.org/gethelp/food/","Tuesday, Wednesday, Thursday","8/12/2025"
"Food Bank & Meal","Filipino Community of Seattle","Filipino Community of Seattle Meals and Food Bank","Open","Food Bank: General Public 
Meals: Older Adults 60+ and Eligible Participants","5740 Martin Luther King Jr Way S, Seattle, WA 98144","47.5500465","-122.2871358","(206)-722-9372","https://www.filcommsea.org/senior-services","Monday, Tuesday, Thursday","8/7/2025"
"Meal","Filipino Community of Seattle","Eritrean Association in Greater Seattle","Open","Older Adults 60+ and Eligible Participants","1528 Valentine Pl S, Seattle, WA 98144","47.5888499","-122.3070989","(206)-722-9372","https://www.filcommsea.org/index.php/programs/","Monday, Tuesday, Thursday","8/7/2025"
"Meal","First Covenant Church","First Covenant Church","Open","Contact Agency for Any Eligibility Requirements","400 E Pike St, Seattle, WA 98122","47.6142392","-122.3263239","(206)-322-7411","https://www.firstcovenantseattle.org/outreach","Saturday","8/12/2025"
"Meal","First United Methodist Church of Seattle","First United Methodist Church of Seattle","Open","General Public","180 Denny Way, Seattle, WA 98109","47.6188068","-122.3531962","(206)-622-7278","https://www.firstchurchseattle.org/shared-breakfast/?fbclid=IwAR2EAykPB90--700TuZeuY3aX18yx3tXkg9lbCW8qVghb3RgTCJJnwkB7wQ","Sunday","8/7/2025"
"Meal","Food Not Bombs - Seattle","Occidental Park","Open","General Public","Occidental Ave S and S Main St, Seattle, WA 98104","47.6000475","-122.3328885","(206)-397-6815","https://www.seattlefoodnotbombs.org/?fbclid=IwAR3T68e9asOm5ksmU_CuHK8ppZZir1QFQBRn_HbSvUCNvhDb7sGxeFXhr_g","Sunday, Saturday","7/22/2025"
"Meal","Frelard Tamales","Frelard Tamales","Open","General Public","6412 Latona Ave NE, Seattle, WA 98115","47.6756763","-122.3252185","(206)-523-6654","https://www.frelardtamales.com/","Sunday, Monday, Tuesday, Wednesday, Thursday, Friday, Saturday","8/12/2025"
"Meal","Greater Maple Valley Community Center","Greater Maple Valley Community Center","Open","Older Adults 60+ and Eligible Participants","22010 SE 248th St, Maple Valley, WA 98038","47.380747","-122.0477423","(425)-432-1272","https://www.maplevalleycc.org/","Monday, Wednesday, Friday","8/7/2025"
"Meal","Green Sprouts","SeaTac Community Center","Open","Older Adults 60+ and Eligible Participants","13735 24th Ave S, SeaTac, WA 98168","47.4802984","-122.3038972","(206)-973-4690","https://www.seatacwa.gov/services/senior-program","Tuesday, Wednesday, Thursday, Friday","7/25/2025"
"Food Bank","Help Northwest","Help Northwest","Open","General Public","404 22nd St SE, #D, Auburn, WA 98002","47.2883898","-122.2238173","(206)-227-5977","https://www.helpnorthwest.com/1401.html","Monday, Tuesday, Wednesday, Thursday, Friday","8/12/2025"
"Food Bank","Highline Area Food Bank","Highline Area Food Bank","Open","General Public","18300 4th Ave S, Burien, WA 98148","47.4383823","-122.3275755","(206)-433-9900","https://www.highlineareafoodbank.org/","Tuesday, Thursday","7/22/2025"
"Food Bank","Holy Innocents Food Pantry","Holy Innocents Church","Open","General Public","26526 NE Cherry Valley Rd, Duvall, WA 98019","47.7482852","-121.9818384","(425)-788-1400","https://www.holyinn.org/holy-innocents-food-pantry","Tuesday, Wednesday","8/7/2025"
"Meal","Holy Spirit Church","Holy Spirit Church","Open","General Public","310 3rd Ave S, Kent, WA 98032","47.3790708","-122.2357517","(253)-859-0444","https://www.holyspiritkent.org/","Friday","7/28/2025"
"Food Bank","Holy Temple Evangelistic Center","Holy Temple Evangelistic Center","Open","General Public","12600 Renton Ave S, Seattle, WA 98178","47.4917411","-122.2393177","(206)-722-3984","https://www.facebook.com/HolyTECSeattle/",,"7/28/2025"
"Food Bank","Hopelink","Bellevue Food Bank","Open","General Public","14812 Main St, Bellevue, WA 98007","47.6101989","-122.1414751","(425)-869-6000","https://www.hopelink.org/need-help/food#collapseTen","Monday, Tuesday, Wednesday, Thursday","8/12/2025"
"Food Bank","Hopelink","Duvall Redemption Church","Open","General Public","15305 Main St NE, Duvall, WA 98019","47.7384956","-121.9874376","(425)-869-6000","https://www.hopelink.org/programs/food-program/mobile-market/","Tuesday, Wednesday, Thursday","7/22/2025"
"Food Bank","Hopelink","Fall City Library","Open","General Public","33415 SE 42nd Pl, Fall City, WA 98024","47.5687511","-121.8939291","(425)-869-6000","https://www.hopelink.org/programs/food-program/mobile-market/","Wednesday","7/22/2025"
"Food Bank","Hopelink","Kenmore Community Church","Open","General Public","7504 NE Bothell Way, Kenmore, WA 98028","47.7574803","-122.2403086","(425)-869-6000","https://www.hopelink.org/programs/food-program/mobile-market/","Thursday","7/28/2025"
"Food Bank","Hopelink","Kenmore Senior Center","Open","General Public","6910 NE 170th St, Kenmore, WA 98028","47.752997","-122.2498849","(425)-869-6000","https://www.hopelink.org/programs/food-program/mobile-market/","Tuesday","7/28/2025"
"Food Bank","Hopelink","Kirkland Food Bank","Open","General Public","11011 120th Ave NE, Kirkland, WA 98033","47.6987817","-122.1818137","(425)-869-6000","https://www.hopelink.org/programs/food-program/","Monday, Tuesday, Wednesday, Thursday","8/12/2025"
"Food Bank","Hopelink","Lake Hills Elementary","Open","General Public","14310 SE 12th St, Bellevue, WA 98007","47.600419","-122.1487891","(425)-889-7880","https://www.hopelink.org/programs/food-program/mobile-market/","Tuesday, Wednesday, Thursday","8/7/2025"
"Food Bank","Hopelink","Redmond Food Bank","Open","General Public","8990 154th Ave NE, Redmond, WA 98052","47.6818932","-122.13423","(425)-869-6000","https://www.hopelink.org/programs/food-program/","Monday, Tuesday, Wednesday, Thursday","8/7/2025"
"Food Bank","Hopelink","Shoreline Food Bank","Open","General Public","17837 Aurora Ave N, Shoreline, WA 98133","47.758995","-122.3668098","(206)-440-7300","https://www.hopelink.org/need-help/food#collapseTen","Monday, Tuesday, Wednesday, Thursday","7/28/2025"
"Food Bank","Hopelink","Sno-Valley Food Bank","Open","General Public","31957 E Commercial St, Carnation, WA 98014","47.6488697","-121.912673","(425)-333-4163","https://www.hopelink.org/need-help/food#collapseTen","Monday, Wednesday, Thursday","7/28/2025"
"Food Bank","Hopelink","UW Bothell/Cascadia College","Open","General Public","18115 Campus Way NE, Building CC2, Bothell, WA 98011","47.7612687","-122.1918002","(425)-869-6000","https://www.hopelink.org/programs/food-program/mobile-market/","Thursday","7/22/2025"
"Food Bank","Hopelink","Woodinville Downtown","Open","General Public","18105 142nd Ave NE, Woodinville, WA 98072","47.758519","-122.149842","(425)-869-6000","https://www.hopelink.org/programs/food-program/mobile-market/","Wednesday","7/22/2025"
"Food Bank","Hopelink","Woodinville Library","Open","General Public","17105 Avondale Rd NE, Woodinville, WA 98072","47.7515963","-122.0819456","(425)-869-6000","https://www.hopelink.org/location/mobile-market","Tuesday","8/12/2025"
"Meal","Hunger Intervention Program","Cedarvale Village","Open","Youth and Young Adults","11050 8th Ave NE, Seattle, WA 98125","47.710233","-122.3201755","(206)-538-6567","https://www.hungerintervention.org/","Monday, Tuesday, Wednesday, Thursday, Friday","8/4/2025"
"Meal","Hunger Intervention Program","Afterschool Meal at Lake City Library","Open","Youth and Young Adults","12501 28th Ave NE, Seattle, WA 98125",,,"(206)-538-6567","https://hungerintervention.org/afterschool-meals/","Friday","8/11/2025"
"Meal","Hunger Intervention Program","Lake City Court","Open","Youth and Young Adults","12526 33rd Ave NE, Seattle, WA 98125","47.720291","-122.291805","(206)-538-6567","https://www.hungerintervention.org/","Monday, Tuesday, Wednesday, Thursday, Friday","8/7/2025"
"Meal","Hunger Intervention Program","Farmers Market at Lake City Community Center","Open","Youth and Young Adults","12546 28th Ave NE, Seattle, WA 98125","47.7197784","-122.2975849","(206)-538-6567","https://www.hungerintervention.org/","Thursday","8/9/2025"
"Meal","Hunger Intervention Program","Bella-B Mobile Park Home","Open","Youth and Young Adults","1333 N 125th St, Seattle, WA 98133","47.7191339","-122.3410813","(206)-538-6567","https://www.hungerintervention.org","Monday, Tuesday, Wednesday, Thursday, Friday","8/4/2025"
"Meal","Hunger Intervention Program","Viv Apartments","Open","Youth and Young Adults","14200 Linden Ave N, Seattle, WA 98133",,,"N/A","https://www.hungerintervention.org","Monday, Tuesday, Wednesday, Thursday, Friday","8/4/2025"
"Meal","Hunger Intervention Program","Jackson Park Community Building","Open","Youth and Young Adults","14374 30th Ave NE, Seattle, WA 98125","47.733508","-122.29595","(206)-538-6567","https://www.hungerintervention.org/","Monday, Tuesday, Wednesday, Thursday, Friday","8/12/2025"
"Meal","Hunger Intervention Program","Dale Turner YMCA","Open","Youth and Young Adults","19290 Aurora Ave N, Shoreline, WA 98133",,,"N/A","https://www.hungerintervention.org","Monday, Tuesday, Wednesday, Thursday, Friday","8/4/2025"
"Meal","Hunger Intervention Program","Ballinger Homes","Open","Youth and Young Adults","2200 NE 201st Place, Shoreline, WA 98155",,,"N/A","https://www.hungerintervention.org","Monday, Tuesday, Wednesday, Thursday, Friday","8/4/2025"
"Meal","Hunger Intervention Program","KCLS Library (Shoreline Branch)","Open","Youth and Young Adults","345 NE 175th St, Shoreline, WA 98155","47.75572025","-122.3248112","(206)-538-6567","https://www.hungerintervention.org/","Monday, Tuesday, Wednesday, Thursday, Friday","8/12/2025"
"Meal","Hunger Intervention Program","North City Elementary School","Open","Youth and Young Adults","816 NE 190th St, Shoreline, WA 98155","47.767272","-122.3208429","(206)-538-6567","https://www.hungerintervention.org/","Monday, Tuesday, Wednesday, Thursday, Friday","8/4/2025"
"Food Bank & Meal","Immanuel Community Services","Immanuel Community Services Food Bank and Community Lunch","Open","General Public","1215 Thomas, Seattle, WA 98109","47.6206572","-122.3321098","(206)-622-1930","https://www.icsseattle.org/covid-19-info/","Sunday, Monday","8/4/2025"
"Food Bank","Issaquah Food and Clothing Bank","Issaquah Food and Clothing Bank","Open","General Public","179 1st Ave SE, Issaquah, WA 98027","47.528687","-122.0349549","(425)-392-4123","https://issaquahfoodbank.org/","Monday, Tuesday, Thursday","8/4/2025"
"Food Bank","Jewish Family Service","Polack Food Bank","Open","General Public","1601 16th Ave, Seattle, WA 98122","47.6155896","-122.3118419","(206)-461-3240","https://www.jfsseattle.org/get-help/polack-food-bank/","Wednesday, Thursday, Friday","8/4/2025"
"Food Bank","Kent Food Bank and Emergency Services","Kent Food Bank","Open","General Public","515 W Harrison St, Suite 107, Kent WA 98032","47.3823817","-122.2385989","(253)-520-3550","https://www.kentfoodbank.org/","Wednesday, Thursday, Friday","2/1/2026"
"Meal","Kent Seventh Day Adventist Church","Kent Seventh Day Adventist Church","Open","General Public","25213 116th Ave SE, Kent, WA 98030","47.3755391","-122.1875964","(253)-852-3883","https://www.kentsda.org/","Saturday","8/4/2025"
"Meal","Korean Women's Association","Korean Meal Site","Open","Older Adults 60+ and Eligible Participants","31635 23rd Ave S, Federal Way, WA 98003","47.3180788","-122.3043065","(253)-946-2489","https://www.kwacares.org/our-services/social-services/senior-wellness-programs/senior-congregate-nutrition-service-hdm/","Monday, Wednesday, Friday","8/7/2025"
"Food Bank & Meal","Lifelong","Chicken Soup Brigade","Open","Contact Agency for Any Eligibility Requirements","210 S Lucile, Seattle , WA 98108","47.3546154","-122.1695967","(206)-957-1600","https://www.lifelong.org/chicken-soup-brigade",,"2/1/2026"
"Food Bank","Living Well Kent","Kent","Open","General Public","24604 104th Ave SE, Suite 102, Kent, WA 98030","47.3813694","-122.2015809","(425)-466-7018","https://livingwellkent.org/index.html","Monday, Wednesday","8/12/2025"
"Food Bank","Maple Valley Food Bank and Emergency Services","Maple Valley Food Bank","Open","General Public","21415 Renton-Maple Valley Rd SE, Maple Valley, WA 98038","47.4093704","-122.0395177","(425)-432-8633","https://www.maplevalleyfoodbank.org/programs/market-style-food-bank/senior-shop-day/","Tuesday, Wednesday","8/7/2025"
"Food Bank & Meal","Messiah Lutheran Church","Auburn","Open","General Public","410 H St NE, Auburn, WA 98002","47.3116212","-122.2190892","(253)-833-5280","https://www.mlcauburn.org/community","Sunday, Wednesday, Thursday","8/4/2025"
"Meal","Mt. Si Senior Center","Mt. Si Senior Center","Open","Older Adults 50+ and Eligible Participants","411 Main Ave S, North Bend, WA 98045","47.4928162","-121.7885425","(425)-888-3434","https://www.mtsiseniorcenter.org/","Monday, Tuesday, Wednesday, Thursday, Friday","8/7/2025"
"Meal","Multicultural Self-Sufficiency Movement","Evergreen Senior Club - Federal Way Community Center","Open","Older Adults 60+ and Eligible Participants","30819 14th Ave S, Federal Way, WA 98003","47.3256699","-122.3164786","(253)-835-6900","https://itallhappenshere.org/seniors/","Wednesday","8/7/2025"
"Meal","Musang Community Kitchen","Musang Community Kitchen","Open","General Public","2524 Beacon Ave S, Seattle, WA 98144","47.5803727","-122.3127166","(206)-708-6871","https://www.musangseattle.com/community-kitchen","Monday, Tuesday","8/4/2025"
"Meal","New Beginnings Christian Fellowship","New Beginnings Christian Fellowship","Open","General Public","19300 108th Ave SE, Kent, WA 98031","47.428904","-122.1954886","(425)-282-6220","https://thenbcf.org/","Saturday","8/12/2025"
"Food Bank","North Helpline","Bitter Lake Food Bank","Open","General Public","13000 Linden Ave N, Seattle, WA 98125","47.7242235","-122.3472592","(206)-367-3477","https://www.northhelpline.org/get-help/bitter-lake/","Saturday","8/4/2025"
"Food Bank","North Helpline","Lake City Food Bank","Open","General Public","12736 33rd Ave NE, Seattle, WA 98125","47.7223248","-122.2918447","(206)-367-3477","https://www.northhelpline.org/get-help/food-bank/","Wednesday, Thursday, Saturday","8/12/2025"
"Food Bank","Northwest Harvest","SODO Community Market","Open","General Public","1915 4th Ave S, Seattle, WA 98134","47.5855714","-122.3295651","(800)-722-6924","https://www.northwestharvest.org/sodo-community-market?gclid=CjwKCAjwguzzBRBiEiwAgU0FT2oeYOjgOqT-nfdpq8cCoSR-ynhQyJnFA4Xuzmhtt749Xzpz19jAZRoCaTUQAvD_BwE","Monday, Wednesday, Friday","8/4/2025"
"Food Bank","Northwest Harvest/World Relief","Hillside Church","Open","General Public","930 E James St, Kent, WA 98031","47.3861959","-122.2218815","(253)-852-5144","https://hillsidechurch.squarespace.com/local-1",,"8/13/2025"
"Meal","Northwest SHARE","University Heights Center","Open","General Public","5031 University Way NE, Seattle, WA 98105","47.666133","-122.3137458","(206)-527-4278","https://www.uheightscenter.org/coronavirus","Sunday, Wednesday, Friday, Saturday","8/4/2025"
"Meal","Operation Nightwatch","Operation Nightwatch Shelter Dispatch Center","Open","General Public","302 14th Ave S, Seattle, WA 98144","47.5998571","-122.3137564","(206)-329-2099","https://www.seattlenightwatch.org/what-we-do/food-and-shelter/","Sunday, Monday, Tuesday, Wednesday, Thursday, Friday, Saturday","8/4/2025"
"Meal","Operation Sack Lunch, Inc.","Compass Housing","Open","General Public","210 Alaskan Way S, Seattle, WA 98104","47.60104542","-122.3353162","(206)-347-6629","https://www.oslserves.org/","Monday, Tuesday, Wednesday, Thursday, Friday, Saturday","8/12/2025"
"Food Bank","Overcomer Covenant Church","Overcomer Food Bank","Open","General Public","2808 S 354th Ln, Federal Way, WA 98003","47.28432","-122.29698","(253)-874-4038","https://overcomercc.org/missions-outreach",,"8/4/2025"
"Food Bank","Paradise of Praise","Food Bank","Open","General Public","1316 SW Holden St, Seattle, WA 98106","47.5344477","-122.3524692","(206)-234-2713","https://www.seattlefoodcommittee.org/food_bank/paradise-of-praise/","Tuesday","8/4/2025"
"Meal","Sound Generations","Hunger Intervention Program - Lake City Community Center","Open","Older Adults 60+ and Eligible Participants","12531 28th Ave NE, Seattle, WA 98125","47.7203524","-122.2981048","(206)-707-1865","https://www.soundgenerations.org/our-programs/food-security/community-dining/","Monday, Wednesday, Friday","8/5/2025"
"Meal","St. Martin's On Westlake","St. Martin's On Westlake","Open","Contact Agency for Any Eligibility Requirements","2008 Westlake Ave, Seattle, WA 98121","47.6155497","-122.3375982","(206)-340-0410","https://ccsww.org/services/permanent-housing/","Sunday, Monday, Tuesday, Wednesday, Thursday, Friday, Saturday","2/5/2026"
"Food Bank","Phinney Ridge Lutheran Church","Phinney Ridge Food Bank","Open","General Public","7500 Greenwood Ave N, Seattle, WA 98103","47.6835063","-122.3547797","(206)-783-2350","https://prlc.org/phinney-ridge-lutheran-church-food-bank","Tuesday, Wednesday","8/4/2025"
"Food Bank","Pike Market Senior Center","Pike Market Senior Center","Open","Contact Agency for Any Eligibility Requirements","1531 Western Ave, Seattle, WA 98101","47.608886","-122.342051","(206)-728-2773","https://www.pmsc-fb.org/","Sunday, Monday, Tuesday, Wednesday, Thursday, Friday, Saturday","8/4/2025"
"Meal","Pike Market Senior Center","Pike Market Senior Center","Open","Older Adults 55+ and Eligible Participants","85 Pike St, Seattle, WA 98101","47.6084268","-122.3405616","(206)-728-2773","https://www.pmsc-fb.org/","Sunday, Monday, Tuesday, Wednesday, Thursday, Friday, Saturday","8/4/2025"
"Food Bank","Plant Based Food Share","Central Seattle","Open","Contact Agency for Any Eligibility Requirements","7148 Martin Luther King Jr Way S, Seattle, WA 98118","47.5374953","-122.2809353","(971)-245-2907?","https://www.plantbasedfoodshare.org","Sunday, Monday","8/12/2025"
"Meal","Federal Way Community Caregiving Network","Church of the Good Shepherd Church","Open","General Public","345 S 312th St, Federal Way, WA 98003","47.3221136","-122.330177","(253)-661-0505","https://www.fwccn.org/services.html","Saturday","8/12/2025"
"Food Bank","Prison Scholar Fund","Prison Scholar Fund","Open","Contact Agency for Any Eligibility Requirements","1752 NW Market St, #953, Seattle, WA 98107","47.669121","-122.381152","(206)-734-5425","https://www.prisonscholars.org/food-security/","Thursday, Friday","8/12/2025"
"Food Bank","Puget Sound Labor Agency","Puget Sound Labor Agency Food Bank","Open","General Public","5300 4th Ave South, Seattle, WA 98108","47.5546964","-122.3291893","(206)-448-9277","https://www.pugetsoundlaboragency.org/food-bank.html","Monday, Wednesday","8/12/2025"
"Meal","Preston Food Bank","Raging River Community Church","Open","General Public","31104 SE 86th St, Preston, WA 98050","47.5236596","-121.926249","(425)-222-5573","https://r2c2blog.wordpress.com/ministry/foodbank/","Thursday","8/7/2025"
"Food Bank & Meal","Rainier Valley Food Bank","Paradise Baptist Church","Open","General Public","4353 S Henderson St, Seattle, WA 98118",,,"N/A","https://www.rvfb.org/grocery-mobile-markets","Wednesday, Friday","8/5/2025"
"Food Bank & Meal","Rainier Valley Food Bank","Odessa Brown - Othello","Open","Odessa Brown Childrens Clinic Patient Families","3939 S Othello St,  Suite 101, Seattle, WA 98118",,,"N/A","https://www.rvfb.org/grocery-mobile-markets","Wednesday","8/5/2025"
"Meal","Ravenna PopUp Kitchen","Ravenna PopUp Kitchen","Open","General Public","65th and 8th Ave NE, Seattle, WA 98115 (under the I5 overpass)","47.675803","-122.320245","N/A","https://www.facebook.com/pages/category/Community/Ravenna-PopUp-Kitchen-498542463880219/","Sunday","8/12/2025"
"Meal","REACH Meal Coalition","REACH Meal Coalition","Open","General Public","419 S 2nd St, Suite 1, Renton, WA 98057","47.4873486","-122.217794","(425)-277-7582","https://reachrenton.org/rmc-the-table-a-free-community-meal","Saturday","8/12/2025"
"Meal","Recovery Caf�","Recovery Caf� SODO","Open","Contact Agency for Any Eligibility Requirements","4202 6th Ave S, Seattle, WA 98108",,,"(206)-333-2314","https://recoverycafe.org/recovery-cafe-sodo/","Monday, Tuesday, Wednesday, Thursday, Friday, Saturday","8/12/2025"
"Meal","Recovery Caf�","South Lake Union","Open","Contact Agency for Any Eligibility Requirements","2022 Boren Ave, Seattle, WA 98121","47.618348","-122.3346308","(206)-374-8731","https://www.recoverycafe.org/","Tuesday, Wednesday, Thursday, Friday, Saturday","8/4/2025"
"Food Bank & Meal","Redmond UMC","Open Kitchen","Open","General Public","16540 NE 80th St, Redmond, WA 98052","47.675118","-122.120025","(425)-883-7553","https://redmondumc.org/ministries/open-kitchen","Wednesday","8/4/2025"
"Food Bank","Renewal Food Bank","Highland Covenant Church","Open","General Public","15022 Bel-Red Rd, Bellevue, WA 98007","47.6275862","-122.1394748","(425)-736-8132","https://renewalfoodbank.org/","Monday, Tuesday, Wednesday","8/7/2025"
"Meal","ROOTS","Friday Feast","Open","General Public","4130 University Way NE, Seattle, WA 98105","47.6592588","-122.3124319","(206)-632-1635","https://www.rootsinfo.org/","Friday","8/12/2025"
"Meal","Roots Young Adult Shelter","Roots Young Adult Shelter","Open","General Public","4541 19th Ave NE, Seattle, WA 98105","47.6624222","-122.3076074","(206)-632-1635","https://www.rootsinfo.org/friday-feast-volunteer","Friday","2/1/2026"
"Food Bank & Meal","Sacred Heart Church/SVDP Society","Queen Anne Food Bank and Meals","Open","General Public","232 Warren Ave N, Suite B, Seattle, WA 98109","47.6206989","-122.3537259","(206)-216-4102","https://www.sacredheartseattle.org/qafb","Monday, Tuesday, Wednesday, Thursday, Friday","8/2/2025"
"Food Bank & Meal","Salvation Army","Salvation Army Renton/Rotary Food Bank","Open","General Public","206 S Tobin St, Renton,  WA 98057","47.4842805","-122.2140148","(425)-255-5969","https://webmanager.salvationarmy.org/renton_corps/food-bank?random=492","Monday, Tuesday, Wednesday, Thursday, Friday","8/12/2025"
"Food Bank & Meal","Salvation Army","Salvation Army White Center","Open","Food Bank: General Public 
Meals: Older Adults 60+ and Eligible Participants","9050 16th Ave SW, Seattle, WA 98106","47.5215741","-122.3547065","(206)-767-3150","https://tsawhitecenter.org/SeattleWhiteCenter/help","Monday, Tuesday, Wednesday, Thursday, Friday","8/7/2025"
"Meal","Salvation Army of Renton Community Supper","The Salvation Army Renton Corps Community Center","Open","General Public","720 S Tobin St, Renton, WA 98057","47.4839337","-122.2072343","(425)-255-5974","https://renton.salvationarmy.org/renton_corps/renton-food-bank/","Monday, Tuesday, Wednesday, Thursday","8/7/2025"
"Food Bank & Meal","Seattle Indian Center","Emergency Meals and Food Bank","Open","General Public","624 S Dearborn St, Seattle, WA 98134","47.5959979","-122.3254326","(206)-329-8700","https://www.seattleindian.org/services/food-security-programs/","Monday, Tuesday, Wednesday, Thursday, Friday","8/5/2025"
"Food Bank","Snoqualmie Valley Food Bank","Snoqualmie Valley Food Bank","Open","General Public","122 E 3rd St, North Bend, WA 98045","47.4962806","-121.783458","(425)-888-7832","https://www.snoqualmievalleyfoodbank.org/","Tuesday, Wednesday, Thursday","8/12/2025"
"Meal","Snoqualmie Valley Shelter Resource Center","American Legion Post","Open","Contact Agency for Any Eligibility Requirements","38625 SE River St, Snoqualmie, WA 98065","47.5266927","-121.8255624","(425)-773-2874","https://www.svshelterservices.org/resource-center.html","Sunday, Monday, Tuesday, Wednesday, Thursday","8/5/2025"
"Food Bank","Society of St Vincent de Paul Council","Georgetown Food Bank","Open","General Public","5972 4th Ave S, Seattle, WA 98108","47.5486194","-122.3291318","(206)-686-5260","https://www.svdpseattle.org/get-help/food-bank/","Tuesday, Thursday, Friday","8/5/2025"
"Meal","Sound Generations","Auburn Senior Activity Center","Open","Older Adults 60+ and Eligible Participants","808 9th St SE, Auburn, WA 98002","47.30001724","-122.2179889","(253)-931-3016","https://www.auburnwa.gov/city_hall/parks_arts_recreation/senior_activity_center/senior_health","Monday, Tuesday, Wednesday, Thursday, Friday","8/7/2025"
"Meal","Sound Generations","American Polynesian Organization and International Drop-In Center","Open","Older Adults 60+ and Eligible Participants","7301 Beacon Ave, Seattle, WA 98108","47.5364556","-122.2934033","(206)-606-0916","https://www.soundgenerations.org/our-programs/food-security/community-dining/","Tuesday","8/5/2025"
"Meal","Sound Generations","Ballard NW Senior Center","Open","Older Adults 60+ and Eligible Participants","5429 32nd NW, Seattle, WA 98017","47.6684176","-122.3987072","(206)-297-0403","https://www.soundgenerations.org/our-programs/food-security/community-dining/","Monday, Tuesday, Wednesday, Thursday, Friday","8/5/2025"
"Meal","Sound Generations","Central Area Senior Center","Open","Older Adults 60+ and Eligible Participants","500 30th Ave S, Seattle, WA 98144","47.597467","-122.2932771","(206)-726-4926","https://www.soundgenerations.org/our-programs/food-security/community-dining/","Monday, Tuesday, Wednesday, Thursday, Friday","8/12/2025"
"Food Bank","Rainier Valley Food Bank","Rainier Valley Food Bank","Open","General Public","4205 Rainier Ave S, Seattle, WA 98118","47.5653236","-122.2889468","(206)-723-4105","https://www.rvfb.org/","Wednesday, Friday","8/20/2025"
"Meal","Sound Generations","First Tongan Senior Association","Open","Older Adults 60+ and Eligible Participants","9001 9th Ave SW, Seattle, WA 98106","47.5225031","-122.3471612","(206)-727-6248","https://www.soundgenerations.org/our-programs/food-security/community-dining/","Wednesday","8/7/2025"
"Meal","Sound Generations","Greenwood Senior Center","Open","Older Adults 60+ and Eligible Participants","525 N 85th St, Seattle, WA 98103","47.6904002","-122.3509931","(206)-297-0875","https://www.phinneycenter.org/seniors/gsc/","Monday, Tuesday, Wednesday, Thursday, Friday","8/5/2025"
"Meal","Teen Feed","University Congregational Church","Open","Youth and Young Adults","4515 16th Ave NE, Seattle, WA 98105","47.6617835","-122.3111496","(206)-229-0813","https://www.teenfeed.org/programs/","Sunday, Monday, Tuesday, Wednesday, Thursday, Friday, Saturday","8/12/2025"
"Meal","Sound Generations","Kawabe Memorial House","Open","Older Adults 60+ and Eligible Participants","221 18th Ave S, Seattle, WA 98144","47.6003875","-122.3092827","(206)-322-4550","https://kawabehouse.org/meiji-kai-menu/","Monday, Tuesday, Wednesday, Thursday, Friday","8/5/2025"
"Food Bank & Meal","Sound Generations","Northshore Senior Center","Open","Older Adults 60+ and Eligible Participants","10201 E Riverside Dr, Bothell, WA 98011","47.7560448","-122.2026247","(425)-487-2441","https://www.northshoreseniorcenter.org/programs-services/","Monday, Tuesday, Wednesday, Thursday, Friday","8/5/2025"
"Meal","Sound Generations","Renton Senior Center","Open","Older Adults 60+ and Eligible Participants","211 Burnett Ave N, Renton, WA 98057","47.4861262","-122.2077373","(425)-430-6633","https://www.rentonwa.gov/cms/one.aspx?pageId=8715840","Monday, Tuesday, Wednesday, Thursday, Friday","8/7/2025"
"Meal","Sound Generations","Shoreline Lake Forest Park Senior Center","Open","Older Adults 60+ and Eligible Participants","18560 1st Ave NE, Bldg G, Shoreline, WA 98155","47.7654839","-122.3280209","(206)-365-1536","https://www.shorelinelfpseniorcenter.org/","Monday, Tuesday, Wednesday, Thursday, Friday","8/7/2025"
"Meal","Sound Generations","Sno-Valley Senior Center","Open","Older Adults 60+ and Eligible Participants","4610 Stephens Ave, Carnation, WA 98014","47.6488782","-121.914727","(425)-333-4152","https://www.snovalleysenior.org/","Monday, Tuesday, Wednesday, Thursday, Friday","8/5/2025"
"Meal","Sound Generations","Southeast Seattle Senior Center","Open","Older Adults 60+ and Eligible Participants","4655 S Holly St, Seattle, WA 98118","47.5422737","-122.2729875","(206)-727-6248","https://www.soundgenerations.org/our-programs/food-security/community-dining/","Monday, Tuesday, Wednesday, Thursday, Friday","8/12/2025"
"Food Bank & Meal","Sound Generations","West Seattle Senior Center","Open","Older Adults 60+ and Eligible Participants","4217 SW Oregon St, Seattle, WA 98116","47.5626975","-122.3864553","(206)-932-4044","https://sc-ws.org/services/food-and-dining/","Monday, Tuesday, Wednesday, Thursday, Friday","8/5/2025"
"Meal","Sound Generations & SPS","Northgate Community Center","Open","Contact Agency for Any Eligibility Requirements","10510 5th Ave NE, Seattle, WA 98125","47.7054887","-122.3221733","(206)-538-6567","https://www.soundgenerations.org/our-programs/food-security/community-dining/","Tuesday","8/5/2025"
"Meal","Sound Generations & SPS","Yesler Community Center","Open","Older Adults 60+ and Eligible Participants","917 E Yesler Way, Seattle, WA 98122","47.60151","-122.3202219","(206)-227-8659","https://www.soundgenerations.org/our-programs/food-security/community-dining/","Monday, Thursday","8/5/2025"
"Meal","YMCA of Greater Seattle - University Family","YMCA of Greater Seattle - University Family","Open","Contact Agency for Any Eligibility Requirements","5003 12th Ave NE, Seattle, WA 98105","47.6653128","-122.3155223","(206)-524-1400","https://www.ymca.org/what-we-do/youth-development/food-programs/summer","Monday, Tuesday, Wednesday, Thursday, Friday","8/12/2025"
"Meal","Edible Hope Kitchen","St Paul's United Church of Christ","Open","General Public","6512 12th Ave NW, Seattle, WA 98107","47.6704508","-122.3870101","(206)-784-3119","https://www.ediblehopekitchen.org/","Monday, Tuesday, Wednesday, Thursday, Friday","2/1/2026"
"Food Bank","St. Stephen the Martyr Catholic Church","Food Bank","Open","Contact Agency for Any Eligibility Requirements","13055 SE 192nd St, Renton, WA 98058","47.4292298","-122.1662234","(253)-631-1940","https://www.ststephenslife.com/food-bank","Monday, Wednesday, Friday","8/12/2025"
"Meal","Sound Generations","East African Senior Program (RBUFW)","Open","Older Adults 60+ and Eligible Participants","5513 S Cloverdale St, Seattle, WA 98118","47.5261434","-122.2624573","(206)-227-8659","https://www.soundgenerations.org/our-programs/food-security/community-dining/","Tuesday, Friday","8/5/2025"
"Food Bank","The Food Bank @ St. Mary's","The Food Bank @ St. Mary's","Open","General Public","611 20th Ave S, Seattle, WA 98144","47.5972377","-122.3065791","(206)-324-7215","https://www.thefbsm.org/services","Monday, Wednesday, Friday","8/7/2025"
"Meal","The Interfaith Council to Prevent Homelessness (IFCH) Community Meals","Vashon Methodist Church","Open","Contact Agency for Any Eligibility Requirements","17928 Vashon Hwy SW, Vashon, WA, 98070","47.444043","-122.4602001","(206)-643-5169","https://ifchvashon.org/","Monday, Tuesday, Wednesday","8/12/2025"
"Food Bank","The Storehouse, Covington Food Bank","Real Life Church","Open","General Public","26201 180th Ave SE, Covington, WA 98042","47.3662588","-122.1027806","(253)-631-3038","https://covingtonstorehouse.org/assistance","Monday, Friday, Saturday","8/5/2025"
"Food Bank","Tilth  Alliance Market Program","South Seattle  - Rainier Beach","Open","General Public","5513 S Cloverdale St, Seattle, WA 98118","47.5261434","-122.2624573","(206)-633-0451","https://tilthalliance.square.site/","Thursday","8/7/2025"
"Meal","Tolt Congregational United Church of Christ","Tolt Congregational United Church of Christ","Open","General Public","4851 Tolt Ave, Carnation, WA 98014","47.6505667","-121.9128635","(425)-333-4254","https://toltucc.org/","Wednesday","8/12/2025"
"Meal","Trinity Community Church","Hungry Soul Cafe","Open","General Public","3807 Reith Rd, Kent, WA 98032","47.3692477","-122.2844903","(253)-852-1044","https://www.facebook.com/JesusatTrinity/","Wednesday","8/5/2025"
"Food Bank","Tukwila Pantry","Riverton Park United Methodist Church","Open","General Public","3118 S 140th St, Tukwila, Washington 98168, United States","47.4784931","-122.2924379","(206)-431-8293","https://tukwilapantry.org/","Tuesday, Thursday, Saturday","8/7/2025"
"Meal","Ukrainian Community Center","Iraqi Community Center of Washington","Open","General Public","11010 SE 248th St, Kent, WA 98030","47.3811974","-122.1937157","(253)-243-7744","https://uccwa.org/",,"8/5/2025"
"Meal","Ukrainian Community Center","Ukrainian Community Center of WA - Federal Way","Open","Older Adults 60+ and Eligible Participants","1430 S 330th St, Federal Way, WA 98003","47.3067079","-122.3154071","(425)-430-8229","https://uccwa.org/","Thursday","8/5/2025"
"Meal","Ukrainian Community Center","Ukrainian Community Center of WA - Seattle","Open","Older Adults 60+ and Eligible Participants","13470 Martin Luther King Jr Way S, #5210, Seattle, WA 98178","47.7240367","-122.3486525","(425)-430-8229","https://uccwa.org/","Tuesday","8/5/2025"
"Meal","United Indians of All Tribes Foundation (UIATF)","UIATF Labatyeh Youth Home","Open","Older Adults 60+ and Eligible Participants","9010 13th Ave NW, Seattle, WA 98117","47.6946156","-122.3723726","(206)-285-4425","https://www.unitedindians.org/","Wednesday","8/12/2025"
"Food Bank","University District Service League","Magnuson Park Community Food Pantry","Open","General Public","7101  62nd Ave NE, Seattle, WA 98115","47.6805765","-122.262898","(206)-523-7060","https://www.udistrictfoodbank.org/services/magnuson-park-community-food-pantry/","Wednesday","8/5/2025"
"Food Bank","University District Service League","University District Food Bank","Open","General Public","5017 Roosevelt Way NE, Seattle, WA 98105","47.6655387","-122.3178395","(206)-523-7060","https://www.udistrictfoodbank.org/services/","Monday, Tuesday, Thursday, Friday","8/7/2025"
"Food Bank","Urban Fresh Food Collective of South Park","Duwamish River Community Hub","Open","General Public","8600 14th Ave S, Seattle, WA 98108",,,"N/A",,"Tuesday","8/5/2025"
"Food Bank","Urban Fresh Food Collective of South Park","Duwamish Waterway Park","Open","General Public","7900 10th Ave SW, Seattle, WA 98106","47.5317619","-122.3478091","N/A","https://cultivatesouthpark.org/mercadito","Saturday","8/5/2025"
"Meal","Urban Fresh Food Collective of South Park","South Park Community Center","Open","General Public","8319 8th Ave S, Seattle, WA 98108","47.5284221","-122.3240431","(206)-809-9691","https://www.urbanfreshfoodcollective.org/covid19","Monday, Wednesday, Thursday","8/5/2025"
"Food Bank","Vashon Maury Community Food Bank","Vashon Maury Community Food Bank","Open","General Public","10030 SW 210th St, #4, Vashon, WA 98070","47.4185981","-122.4664519","(206)-463-6332","https://www.vashonfoodbank.org/","Wednesday, Thursday, Friday","8/12/2025"
"Meal","Vashon Maury Community Food Bank","Vashon Maury Community Food Bank","Open","Youth and Young Adults","17130 Vashon Hwy SW #1608, Vashon, WA 98070","47.4007316","-122.4688031","(206)-463-6332","https://www.vashonfoodbank.org/","Monday, Tuesday, Wednesday, Thursday, Friday","2/1/2025"
"Meal","Victory Outreach Seattle","Victory Outreach Seattle","Open","Contact Agency for Any Eligibility Requirements","824 108th St SW, Seattle, WA  98146","47.5068483","-122.3456315","(206)-244-8184","https://www.voseattle.com/ministries/",,"8/5/2025"
"Food Bank","West Seattle Food Bank","West Seattle Food Bank","Open","General Public","3419 SW Morgan St, Seattle, WA 98126","47.5444292","-122.3758291","(206)-932-9023","https://www.westseattlefoodbank.org/","Tuesday, Wednesday, Thursday, Friday","8/5/2025"
"Food Bank","White Center Food Bank","White Center Food Bank","Open","General Public","10016 16th Ave SW, Seattle, WA 98146","47.5131743","-122.3548275","(206)-762-2848","https://www.whitecenterfoodbank.org/service-hours","Monday, Wednesday, Thursday, Friday","8/7/2025"
"Food Bank","Woodinville Store House","Woodinville Store House","Open","General Public","17110 140th Ave NE, Woodinville, WA 98072","47.7520872","-122.1518646","(425)-384-9274","https://www.woodinvillestorehouse.org","Tuesday, Saturday","8/5/2025"
"Meal","Phinney Neighborhood Association","St. John United Lutheran Church","Open","General Public","5515 Phinney Ave N, Seattle, WA 98103",,,"(206)-783-2244","https://www.phinneycenter.org/hotmeal/","Monday, Tuesday, Wednesday","8/12/2025"
"Meal","YouthCare","Orion Center","Open","Youth and Young Adults","1828 Yale Ave, Seattle, WA 98101","47.6182683","-122.3305192","(206)-622-5555","https://www.youthcare.org/homeless-youth-services/engagement-services/youthcares-orion-center/","Sunday, Monday, Tuesday, Wednesday, Thursday, Friday, Saturday","8/7/2025"
"Meal","YouthCare","U-District Youth Center","Open","Youth and Young Adults","4516 15th Ave NE, Seattle, WA 98105","47.661853","-122.311609","(206)-622-5555","https://www.youthcare.org/get-help/","Sunday, Monday, Tuesday, Wednesday, Thursday","8/12/2025"
"Food Bank","YWCA","Central Area Food Bank","Open","General Public","2820 E Cherry St, Seattle, WA 98122","47.608328","-122.2958409","(206)-375-1496","https://www.ywcaworks.org/programs/central-area-food-bank","Wednesday","8/5/2025"
"Food Bank","Cultivate South Park","Cultivate South Park","Open","General Public","614 S Riverside Drive, Seattle, WA 98108","47.5350237","-122.3263116","N/A","https://www.cultivatesouthpark.org","Tuesday, Friday","11/5/2025"
"Meal","Vashon Maury Community Food Bank","Vashon Maury Community Food Bank","Open","Youth and Young Adults","10500 SW 228th St, Vashon, WA 98070","47.4007749","-122.4688823","(206)-463-6332","https://www.vashonfoodbank.org/","Monday, Tuesday, Wednesday, Thursday, Friday","2/1/2025"
"Meal","Vashon Senior Center","Vashon Senior Center","Open","Older Adults 55+ Who Have Requested Meals","10004 SW Bank Rd, Vashon, WA 98070","47.4475822","-122.4620178","(206)-463-5173","https://www.vashoncenter.org/lunch-delivery","Monday, Wednesday, Friday","8/5/2025"
"Food Bank","Kent Food Bank and Emergency Services","Birch Creek Apartment","Open","General Public","27360 129th Place S., Kent, WA 98030","47.3546154","-122.1695967","(253)-520-3550","https://www.kentfoodbank.org/","Monday","2/1/2026"
"Food Bank & Meal","Alimentando al Pueblo","Alimentando al Pueblo","Open","General Public","15003 14th Ave SW, Burien, WA 98166","47.468217","-122.3529814","(206)-636-9575","https://www.alimentandoalpueblo.org/",,"2/4/2026"
"Meal","Bakhita Gardens","Bakhita Gardens","Open","Contact Agency for Any Eligibility Requirements","118 Bell St, Seattle, WA 98121","47.6139347","-122.3459893","(206)-456-3100","https://ccsww.org/services/rose-of-lima-house/","Wednesday","2/4/2026"
"Food Bank","Brooklake Church","Brooklake Church","Open","General Public","629 S 356th St, Federal Way, WA 98003","47.282046","-122.3256676","(253)-517-8198","https://www.brooklake.org/","Sunday, Monday, Tuesday, Wednesday, Thursday, Friday","2/4/2026"
"Food Bank","Center for MultiCultural Health","Center for MultiCultural Health","Open","Contact Agency for Any Eligibility Requirements","801 25th Ave, Seattle, WA 98122","47.609283","-122.3005353","(206)-461-6910","https://www.centerformulticulturalhealth.org/","Friday","2/4/2026"
"Meal","Chief Seattle Club","Chief Seattle Club","Open","Contact Agency for Any Eligibility Requirements","410 2nd Ave Ext S, Seattle, WA 98104","47.6012206","-122.3310925","(206)-715-7536","https://www.chiefseattleclub.org/","Sunday, Monday, Tuesday, Wednesday, Thursday, Friday, Saturday","2/4/2026"
"Food Bank","Community Resource Network","Community Resource Network","Open","Contact Agency for Any Eligibility Requirements","14390 NE 189th Pl, Woodinville,  WA 98072","47.7647921","-122.1483885","(425)-481-4497","https://circliving.org/community/greenbrier-senior-apartments/","Sunday, Monday, Tuesday, Wednesday, Thursday, Friday, Saturday","2/4/2026"
"Food Bank","Community Resource Network","Community Resource Network","Open","General Public","14616 35th Ave SE, Mill Creek,  WA 98012","47.8647339","-122.1870411","(253)-661-1250","https://www.ourventure.church/kb-programs-events","Monday","2/4/2026"
"Food Bank","Community Resource Network","Light House Four Square Church","Open","Contact Agency for Any Eligibility Requirements","15725 Simonds Rd NE, Kenmore, WA 98028","47.7430346","-122.2277786","N/A","https://lighthouse4square.org/",,"2/4/2026"
"Food Bank","Community Resource Network","Community Resource Network","Open","General Public","604 Ave C E, Snohomish, WA 98290","47.9194448","-122.0965079","(360)-568-5886","https://www.mycrossview.com/","Monday, Wednesday","2/4/2026"
"Food Bank","Ember Church","Ember Church","Open","General Public","14434 NE 8th St, Bellevue, WA 98007","47.6176373","-122.1463239","(425)-954-7036","https://emberchurch.org/","Sunday, Monday","2/4/2026"
"Food Bank & Meal","For All","For All","Open","General Public","903 E Yesler Wy, Seattle, WA 98122","47.6011076","-122.3215355","N/A","https://www.freefoodforall.org/","Sunday, Saturday","2/4/2026"
"Food Bank","Friends of the Children Seattle","Friends of the Children Seattle","Open","Contact Agency for Any Eligibility Requirements","4436 Rainier Ave, Seattle WA 98118","47.5630626","-122.2875122","(206)-328-3535","http://friendsseattle.org/",,"2/4/2026"
"Meal","Hunger Intervention Program","Aki Kurose Village","Open","Contact Agency for Any Eligibility Requirements","11506 Stone Ave N, Seattle, WA 98133","47.7127728","-122.3415655","(206)-538-6567","https://hungerintervention.org/",,"2/4/2026"
"Meal","Hunger Intervention Program","Lamb of God Lutheran Church","Open","Contact Agency for Any Eligibility Requirements","12509 27th Ave NE, Seattle, WA 98125","47.7196732","-122.2996593","(206)-538-6567","https://hungerintervention.org/",,"2/4/2026"
"Meal","Hunger Intervention Program","Lake City Court","Open","Contact Agency for Any Eligibility Requirements","12536 33rd Ave NE, Seattle, WA 98125","47.7203805","-122.2917535","(206)-538-6567","https://hungerintervention.org/",,"2/4/2026"
"Meal","Hunger Intervention Program","Hunger Intervention Program","Open","Contact Agency for Any Eligibility Requirements","3841 NE 123rd St Seattle, WA 98122","47.717042","-122.2857324","(206)-538-6567","https://hungerintervention.org/",,"2/4/2026"
"Food Bank","ICNA Relief","ICNA Relief","Open","General Public","6721 Martin Luther King Jr Way S, Seattle, WA 98118","47.541886","-122.284044","(206)-695-2080","https://icnarelief.org/washington/","Thursday","2/4/2026"
"Food Bank","IHCGM","IHCGM","Open","Contact Agency for Any Eligibility Requirements","30815 B  Pacific Highway S, Federal Way, WA 98003","47.3254052","-122.3139776","(206)-592-2626",,"Thursday","2/4/2026"
"Food Bank & Meal","Iu Mien American Association (IMAA)","Iu Mien American Association (IMAA)","Open","General Public","126 Logan Ave S, Renton, WA 98057","47.481806","-122.2087821","(206)-723-6834","https://imaa-seattle.org/","Friday","2/4/2026"
"Food Bank","King of Kings Foodbank","King of Kings Foodbank","Open","General Public","18207 108th Ave SE Renton, WA 98055","47.4391217","-122.1979638","(425)-226-1480","https://www.king-of-kings.org/","Monday, Tuesday, Wednesday, Saturday","2/4/2026"
"Food Bank","Lutheran Community Services NW","Lutheran Community Services NW","Open","General Public","4040 S 188th St, Suite 100, SeaTac, WA 98188","47.4347675","-122.2824819","(206)-901-1685","https://www.lcsnw.org/","Thursday","2/4/2026"
"Food Bank","NW Life Foundation","NW Life Foundation","Open","Youth and Young Adults","13120 SE 192nd St, Renton, WA 98058","47.4309146","-122.1659094","(253)-638-8470","https://nwlifefoundation.com/","Tuesday, Wednesday, Thursday, Friday","2/4/2026"
"Meal","Operation Sack Lunch, Inc.","OSL","Open","General Public","115 S Brandon St, Seattle, WA 98108","47.5539241","-122.3331017","(206)-347-6629","https://www.oslserves.org/",,"2/4/2026"
"Meal","Operation Sack Lunch, Inc.","YWCA Opportunity Place","Open","Contact Agency for Any Eligibility Requirements","2024 3rd Ave, Seattle, WA 98121","47.6130256","-122.3415787","(206)-347-6629","https://www.oslserves.org/",,"2/4/2026"
"Meal","Operation Sack Lunch, Inc.","OSL","Open","General Public","3841 NE 123rd St, Seattle, WA 98125","47.717042","-122.2857324","(206)-347-6629","https://www.oslserves.org/","Wednesday","2/4/2026"
"Meal","Operation Sack Lunch, Inc.","OSL","Open","Contact Agency for Any Eligibility Requirements","700 Virginia St, Seattle, WA 98101","47.6153602","-122.3374101","(206)-347-6629","https://www.oslserves.org/","Monday, Tuesday, Wednesday, Thursday, Friday","2/4/2026"
"Food Bank","Pacific Islander Community Association","Pacific Islander Community Association","Open","General Public","33710 9th Ave S, Federal Way, WA 98003","47.2994051","-122.3220645","(206)-686-5221","https://www.picawa.org/","Thursday","2/4/2026"
"Food Bank","Praisealujah","Praisealujah","Open","General Public","13609 1st Ave S, Burien, WA 98168","47.4809242","-122.3370002","(206)-251-8971","https://praisealujah.org/community-based-services","Sunday","2/5/2026"
"Food Bank","Praisealujah","Praisealujah","Open","General Public","20832 International Blvd, SeaTac, WA 98198","47.4144935","-122.2965291","(206)-251-8971","https://praisealujah.org/community-based-services","Saturday","2/5/2026"
"Food Bank","Praisealujah","Praisealujah","Open","General Public","25440 Pacific Hwy S, Kent, WA 98032","47.3729828","-122.2999657","N/A",,,"2/5/2026"
"Food Bank","Praisealujah","Freedom Church of Seattle","Open","General Public","7817 S 125th St, Seattle, WA 98178","47.4904973","-122.2347174","N/A","https://freedomchurchofseattle.weebly.com/",,"2/5/2026"
"Food Bank","Praisealujah","Praisealujah","Open","General Public","8240 64th St NE, Marysville, WA 98270","48.0530476","-122.1207544","N/A",,,"2/5/2026"
"Food Bank","Praisealujah","North Hill Christian Church","Open","General Public","908 S 200th St, Des Moines, WA 98198","47.4234868","-122.3228325","(206)-878-4740","https://www.northhillchristian.org/free-food-friday/","Friday","2/5/2026"
"Meal","Rainier Vista Boys & Girls Club","Rainier Vista Boys & Girls Club","Open","Youth and Young Adults","4520 MLK Wy, Seattle, WA 98108","47.5626423","-122.2937256","(206)-436-1890","https://positiveplace.org/clubs/smilow-rainier-vista",,"2/5/2026"
"Meal","Renton Technical College","Renton Technical College","Open","Contact Agency for Any Eligibility Requirements","3000 NE 4th St, Renton, WA 98056","47.4892601","-122.1762473","(425)-235-2352","https://www.rtc.edu/",,"2/5/2026"
"Food Bank","Restore and Repair Outreach","Restore and Repair Outreach","Open","General Public","12629 Renton Ave S  Suite F, Seattle, WA 98178","47.4904151","-122.239492","(206)-650-9649","https://www.restorerepairmissionaryoutreach.org/","Wednesday, Friday","2/5/2026"
"Food Bank","Skykomish","Skykomish","Open","General Public","108 W Old Cascade Hwy, Skykomish, WA 98288","47.7088797","-121.3764638","(206)-399-2687","https://skykomishfoodbank.org/","Friday","2/5/2026"
"Meal","St. Dunstan's Episcopal Church","St. Dunstan's Episcopal Church","Open","General Public","722 N 145th St, Shoreline, WA 98133","47.7347114","-122.349521","(206)-363-4319","https://sdchp.org/","Tuesday","2/5/2026"
"Meal","St. Martin De Porres Shelter","St. Martin De Porres Shelter","Open","Contact Agency for Any Eligibility Requirements","1561 Alaskan Way S, Seattle, WA 98134","47.5885034","-122.3385348","(206)-323-6341","https://www.ccsww.org/stmartin","Sunday, Monday, Tuesday, Wednesday, Thursday, Friday, Saturday","2/5/2026"
"Meal","St. James Cathedral","Cathedral Kitchen","Open","General Public","804 9th Ave, Seattle, WA 98104","47.607646","-122.3259157","(206)-264-2091","https://www.stjames-cathedral.org/outreach/kitchen.aspx","Monday, Tuesday, Wednesday, Thursday, Friday","8/12/2025"
"Meal","Sound Generations","South Park Senior Citizens","Open","Older Adults 55+ and Eligible Participants","8201 10th Ave S, Seattle, WA 98108","47.5296153","-122.320528","(206)-909-0346","https://www.spseniors.org/","Monday, Wednesday, Friday","8/5/2025"
"Food Bank","Urban Food Systems Pact","Urban Food Systems Pact","Open","General Public","12643 Renton Ave S Seattle, WA 98178","47.4900561","-122.2389931","(425)-728-0455","https://app.vomo.org/org/urban-food-systems-pact/profile",,"2/5/2026"
"Meal","Vedic Cultural Center","Vedic Cultural Center","Open","Contact Agency for Any Eligibility Requirements","13668 SE Eastgate Way, Bellevue WA 98005","47.5809349","-122.1583137","(425)-452-6800","https://bellevuewa.gov/city-government/departments/city-managers-office/office-housing/homelessness-bellevue/eastside-mens-shelter","Sunday, Monday, Tuesday, Wednesday, Thursday, Friday, Saturday","2/5/2026"
"Meal","Vedic Cultural Center","Vedic Cultural Center","Open","General Public","1420 228th Ave SE, Sammamish, WA 98075","47.5963216","-122.0345073","(206)-979-8002","https://vedicculturalcenter.org/","Sunday, Saturday","2/5/2026"
"Meal","Vedic Cultural Center","Vedic Cultural Center","Open","Contact Agency for Any Eligibility Requirements","16305 NE 87th St, Suite 110 Redmond, WA 98052","47.6794762","-122.1223595","N/A",,,"2/5/2026"
"Meal","Vedic Cultural Center","Vedic Cultural Center","Open","Contact Agency for Any Eligibility Requirements","5034 University Way NE Seattle, WA 98105","47.6660333","-122.3126175","N/A",,,"2/5/2026"
"Meal","West African Community Council","West African Community Council","Open","Contact Agency for Any Eligibility Requirements","6322 44th Ave S, Seattle, WA 98118","47.5453084","-122.2778957","N/A","https://www.waccofseattle.org/","Monday, Tuesday, Wednesday, Thursday, Friday","2/5/2026"
"Meal","YMCA of Greater Seattle","YMCA of Greater Seattle","Open","Contact Agency for Any Eligibility Requirements","909 4th Ave, Seattle, WA, Seattle, 98104","47.6054636","-122.3327052","N/A","https://www.seattleymca.org/social-impact-center/youth-young-adults/drop-in-services","Sunday, Monday, Tuesday, Wednesday, Thursday, Friday, Saturday","2/5/2026"
"Meal","YMCA of Greater Seattle","POPYs Caf�","Open","General Public","4514 20th Ave NE, Shoreline, WA 98155","47.734046","-122.3070896",,"https://www.seattleymca.org/blog/supporting-our-community-during-time-increased-food-insecurity","Wednesday","2/5/2026"
"Meal","YMCA of Greater Seattle","Pantry of Hope","Open","General Public","10828 SE 248th St, Kent, WA 98030","47.3797615","-122.1953258",,"https://www.seattleymca.org/blog/supporting-our-community-during-time-increased-food-insecurity","Friday","2/5/2026"
